,volume,part,chapter,text,cs,num-switches-intraturn,num-switches-interturn,num-switches-intrasent
0,Эпилог,1,1,"['Описывая', 'деятельность', 'этих', 'исторических', 'лиц', ',', 'бывших', ',', 'по', 'их', 'мнению', ',', 'причиною', 'того', ',', 'чтò', 'они', 'называют', 'реакцией', ',', 'историки', 'строго', 'осуждают', 'их', '.', 'Все', 'известные', 'люди', 'того', 'времени', ',', 'от', 'Александра', 'и', 'Наполеона', 'до', 'm', '-', 'me', 'Staël', ',', 'Фотия', ',', 'Шеллинга', ',', 'Фихте', ',', 'Шатобриана', 'и', 'проч', '.', ',', 'проходят', 'перед', 'их', 'строгим', 'судом', 'и', 'оправдываются', 'или', 'осуждаются', ',', 'смотря', 'по', 'тому', ',', 'содействовали', 'ли', 'они', 'прогрессу', 'или', 'реакции', '.']","['ru', 'ru', 'ru', 'ru', 'ru', '', 'ru', '', 'ru', 'ru', 'ru', '', 'ru', 'ru', '', 'ru', 'ru', 'ru', 'ru', '', 'ru', 'ru', 'ru', 'ru', '', 'ru', 'ru', 'ru', 'ru', 'ru', '', 'ru', 'ru', 'ru', 'ru', 'ru', 'non-ru', '', 'non-ru', 'non-ru', '', 'ru', '', 'ru', '', 'ru', '', 'ru', 'ru', 'ru', '', '', 'ru', 'ru', 'ru', 'ru', 'ru', 'ru', 'ru', 'ru', 'ru', '', 'ru', 'ru', 'ru', '', 'ru', 'ru', 'ru', 'ru', 'ru', 'ru', '']",2,0,1
1,Эпилог,1,1,"['В', 'России', ',', 'по', 'их', 'описанию', ',', 'в', 'этот', 'период', 'времени', 'тоже', 'происходила', 'реакция', ',', 'и', 'главным', 'виновником', 'этой', 'реакции', 'был', 'Александр', 'I', ',', '—', 'тот', 'самый', 'Александр', 'I', ',', 'который', ',', 'по', 'их', 'же', 'описаниям', ',', 'был', 'главным', 'виновником', 'либеральных', 'начинаний', 'своего', 'царствования', 'и', 'спасения', 'России', '.']","['ru', 'ru', '', 'ru', 'ru', 'ru', '', 'ru', 'ru', 'ru', 'ru', 'ru', 'ru', 'ru', '', 'ru', 'ru', 'ru', 'ru', 'ru', 'ru', 'ru', 'non-ru', '', '', 'ru', 'ru', 'ru', 'non-ru', '', 'ru', '', 'ru', 'ru', 'ru', 'ru', '', 'ru', 'ru', 'ru', 'ru', 'ru', 'ru', 'ru', 'ru', 'ru', 'ru', '']",4,0,1
2,Эпилог,1,1,"['Те', 'самые', 'поступки', ',', 'за', 'которые', 'историки', 'одобряют', 'Александра', 'I', ',', '—', 'как', '-', 'то', ':', 'либеральные', 'начинания', 'царствования', ',', 'борьба', 'с', 'Наполеоном', ',', 'твердость', ',', 'выказанная', 'им', 'в', '12-м', 'году', 'и', 'поход', '13-го', 'года', ',', 'не', 'вытекают', 'ли', 'из', 'одних', 'и', 'тех', 'же', 'источников', ',', '—', 'условий', 'крови', ',', 'воспитания', ',', 'жизни', ',', 'сделавших', 'личность', 'Александра', 'тем', ',', 'чем', 'она', 'была', ',', '—', 'из', 'которых', 'вытекают', 'и', 'те', 'поступки', ',', 'за', 'которые', 'историки', 'порицают', 'его', ',', 'как', '-', 'то', ':', 'Священный', 'Союз', ',', 'восстановление', 'Польши', ',', 'реакция', '20-х', 'годов', '?', 'В', 'чем', 'состоит', 'сущность', 'этих', 'упреков', '?']","['ru', 'ru', 'ru', '', 'ru', 'ru', 'ru', 'ru', 'ru', 'non-ru', '', '', 'ru', '', 'ru', '', 'ru', 'ru', 'ru', '', 'ru', 'ru', 'ru', '', 'ru', '', 'ru', 'ru', 'ru', 'ru', 'ru', 'ru', 'ru', 'ru', 'ru', '', 'ru', 'ru', 'ru', 'ru', 'ru', 'ru', 'ru', 'ru', 'ru', '', '', 'ru', 'ru', '', 'ru', '', 'ru', '', 'ru', 'ru', 'ru', 'ru', '', 'ru', 'ru', 'ru', '', '', 'ru', 'ru', 'ru', 'ru', 'ru', 'ru', '', 'ru', 'ru', 'ru', 'ru', 'ru', '', 'ru', '', 'ru', '', 'ru', 'ru', '', 'ru', 'ru', '', 'ru', 'ru', 'ru', '', 'ru', 'ru', 'ru', 'ru', 'ru', 'ru', '']",2,0,1
3,Эпилог,1,1,"['В', 'том', ',', 'что', 'такое', 'историческое', 'лицо', ',', 'как', 'Александр', 'I', ',', 'лицо', ',', 'стоявшее', 'на', 'высшей', 'возможной', 'ступени', 'человеческой', 'власти', ',', 'как', 'бы', 'в', 'фокусе', 'ослепляющего', 'света', 'всех', 'сосредоточивающихся', 'на', 'нем', 'исторических', 'лучей', ';', 'лицо', ',', 'подлежавшее', 'тем', 'сильнейшим', 'в', 'мире', 'влияниям', 'интриг', ',', 'обманов', ',', 'лести', ',', 'самообольщения', ',', 'которые', 'неразлучны', 'с', 'властью', ';', 'лицо', ',', 'чувствовавшее', 'на', 'себе', ',', 'всякую', 'минуту', 'своей', 'жизни', ',', 'ответственность', 'за', 'всё', 'совершавшееся', 'в', 'Европе', ',', 'и', 'лицо', 'не', 'выдуманное', ',', 'а', 'живое', ',', 'имеющее', 'как', 'и', 'каждый', 'человек', ',', 'свои', 'личные', 'привычки', ',', 'страсти', ',', 'стремления', 'к', 'добру', ',', 'красоте', ',', 'истине', ',', '—', 'что', 'это', 'лицо', ',', 'пятьдесят', 'лет', 'тому', 'назад', ',', 'не', 'то', 'что', 'не', 'было', 'добродетельно', '(', 'за', 'это', 'историки', 'не', 'упрекают', ')', ',', 'а', 'не', 'имело', 'тех', 'воззрений', 'на', 'благо', 'человечества', ',', 'которые', 'имеет', 'теперь', 'профессор', ',', 'смолоду', 'занимающийся', 'наукой', ',', 'т', '.', 'е', '.', 'читанием', 'книжек', ',', 'лекций', 'и', 'списыванием', 'этих', 'книжек', 'и', 'лекций', 'в', 'одну', 'тетрадку', '.']","['ru', 'ru', '', 'ru', 'ru', 'ru', 'ru', '', 'ru', 'ru', 'non-ru', '', 'ru', '', 'ru', 'ru', 'ru', 'ru', 'ru', 'ru', 'ru', '', 'ru', 'ru', 'ru', 'ru', 'ru', 'ru', 'ru', 'ru', 'ru', 'ru', 'ru', 'ru', '', 'ru', '', 'ru', 'ru', 'ru', 'ru', 'ru', 'ru', 'ru', '', 'ru', '', 'ru', '', 'ru', '', 'ru', 'ru', 'ru', 'ru', '', 'ru', '', 'ru', 'ru', 'ru', '', 'ru', 'ru', 'ru', 'ru', '', 'ru', 'ru', 'ru', 'ru', 'ru', 'ru', '', 'ru', 'ru', 'ru', 'ru', '', 'ru', 'ru', '', 'ru', 'ru', 'ru', 'ru', 'ru', '', 'ru', 'ru', 'ru', '', 'ru', '', 'ru', 'ru', 'ru', '', 'ru', '', 'ru', '', '', 'ru', 'ru', 'ru', '', 'ru', 'ru', 'ru', 'ru', '', 'ru', 'ru', 'ru', 'ru', 'ru', 'ru', '', 'ru', 'ru', 'ru', 'ru', 'ru', '', '', 'ru', 'ru', 'ru', 'ru', 'ru', 'ru', 'ru', 'ru', '', 'ru', 'ru', 'ru', 'ru', '', 'ru', 'ru', 'ru', '', 'ru', '', 'ru', '', 'ru', 'ru', '', 'ru', 'ru', 'ru', 'ru', 'ru', 'ru', 'ru', 'ru', 'ru', 'ru', '']",2,0,1
4,Эпилог,1,1,"['Но', 'если', 'даже', 'предположить', ',', 'что', 'Александр', 'I', ',', 'пятьдесят', 'лет', 'тому', 'назад', ',', 'ошибался', 'в', 'своем', 'воззрении', 'на', 'то', ',', 'что', 'есть', 'благо', 'народов', ',', 'невольно', 'должно', 'предположить', ',', 'что', 'и', 'историк', ',', 'судящий', 'Александра', ',', 'точно', 'так', 'же', 'по', 'прошествии', 'некоторого', 'времени', 'окажется', 'несправедливым', 'в', 'своем', 'воззрении', 'на', 'то', ',', 'чтò', 'есть', 'благо', 'человечества', '.', 'Предположение', 'это', 'тем', 'более', 'естественно', 'и', 'необходимо', ',', 'что', ',', 'следя', 'за', 'развитием', 'истории', ',', 'мы', 'видим', ',', 'что', 'с', 'каждым', 'годом', ',', 'с', 'каждым', 'новым', 'писателем', 'изменяется', 'воззрение', 'на', 'то', ',', 'чтò', 'есть', 'благо', 'человечества', ';', 'так', 'что', 'то', ',', 'чтò', 'казалось', 'благом', ',', 'чрез', '10', 'лет', 'представляется', 'злом', ';', 'и', 'наоборот', '.', 'Мало', 'того', ',', 'одновременно', 'мы', 'находим', 'в', 'истории', 'совершенно', 'противоположные', 'взгляды', 'на', 'то', ',', 'чтò', 'было', 'зло', 'и', 'чтò', 'было', 'благо', ':', 'одни', 'данную', 'Польше', 'конституцию', 'и', 'Священный', 'Союз', 'ставят', 'в', 'заслугу', ',', 'другие', 'в', 'укор', 'Александру', '.']","['ru', 'ru', 'ru', 'ru', '', 'ru', 'ru', 'non-ru', '', 'ru', 'ru', 'ru', 'ru', '', 'ru', 'ru', 'ru', 'ru', 'ru', 'ru', '', 'ru', 'ru', 'ru', 'ru', '', 'ru', 'ru', 'ru', '', 'ru', 'ru', 'ru', '', 'ru', 'ru', '', 'ru', 'ru', 'ru', 'ru', 'ru', 'ru', 'ru', 'ru', 'ru', 'ru', 'ru', 'ru', 'ru', 'ru', '', 'ru', 'ru', 'ru', 'ru', '', 'ru', 'ru', 'ru', 'ru', 'ru', 'ru', 'ru', '', 'ru', '', 'ru', 'ru', 'ru', 'ru', '', 'ru', 'ru', '', 'ru', 'ru', 'ru', 'ru', '', 'ru', 'ru', 'ru', 'ru', 'ru', 'ru', 'ru', 'ru', '', 'ru', 'ru', 'ru', 'ru', '', 'ru', 'ru', 'ru', '', 'ru', 'ru', 'ru', '', 'ru', '', 'ru', 'ru', 'ru', '', 'ru', 'ru', '', 'ru', 'ru', '', 'ru', 'ru', 'ru', 'ru', 'ru', 'ru', 'ru', 'ru', 'ru', 'ru', '', 'ru', 'ru', 'ru', 'ru', 'ru', 'ru', 'ru', '', 'ru', 'ru', 'ru', 'ru', 'ru', 'ru', 'ru', 'ru', 'ru', 'ru', '', 'ru', 'ru', 'ru', 'ru', '']",2,0,1
5,Эпилог,1,3,"['Случайность', ',', 'миллионы', 'случайностей', 'дают', 'ему', 'власть', ',', 'и', 'все', 'люди', ',', 'как', 'бы', 'сговорившись', ',', 'содействуют', 'утверждению', 'этой', 'власти', '.', 'Случайности', 'делают', 'характеры', 'тогдашних', 'правителей', 'Франции', ',', 'подчиняющихся', 'ему', ';', 'случайности', 'делают', 'характер', 'Павла', 'I', ',', 'признающего', 'его', 'власть', ';', 'случайность', 'делает', 'против', 'него', 'заговор', ',', 'не', 'только', 'не', 'вредящий', 'ему', ',', 'но', 'утверждающий', 'его', 'власть', '.', 'Случайность', 'посылает', 'ему', 'в', 'руки', 'герцога', 'Энгиенского', 'и', 'нечаянно', 'заставляет', 'его', 'убить', ',', 'тем', 'самым', ',', 'сильнее', 'всех', 'других', 'средств', ',', 'убеждая', 'толпу', ',', 'что', 'он', 'имеет', 'право', ',', 'так', 'как', 'он', 'имеет', 'силу', '.', 'Случайность', 'делает', 'то', ',', 'что', 'он', 'напрягает', 'все', 'силы', 'на', 'экспедицию', 'в', 'Англию', ',', 'которая', 'очевидно', 'погубила', 'бы', 'его', ',', 'и', 'никогда', 'не', 'исполняет', 'этого', 'намерения', ',', 'а', 'нечаянно', 'нападает', 'на', 'Мака', 'с', 'австрийцами', ',', 'которые', 'сдаются', 'без', 'сражения', '.', 'Случайность', 'и', 'гениальность', 'дают', 'ему', 'победу', 'под', 'Аустерлицом', ',', 'и', 'случайно', 'все', 'люди', ',', 'не', 'только', 'французы', ',', 'но', 'и', 'вся', 'Европа', ',', 'за', 'исключением', 'Англии', ',', 'которая', 'и', 'не', 'примет', 'участия', 'в', 'имеющих', 'совершиться', 'событиях', ',', 'все', 'люди', ',', 'несмотря', 'на', 'прежний', 'ужас', 'и', 'отвращение', 'к', 'его', 'преступлениям', ',', 'теперь', 'признают', 'за', 'ним', 'его', 'власть', ',', 'название', ',', 'которое', 'он', 'себе', 'дал', ',', 'и', 'его', 'идеал', 'величия', 'и', 'славы', ',', 'который', 'кажется', 'всем', 'чем', '-', 'то', 'прекрасным', 'и', 'разумным', '.']","['ru', '', 'ru', 'ru', 'ru', 'ru', 'ru', '', 'ru', 'ru', 'ru', '', 'ru', 'ru', 'ru', '', 'ru', 'ru', 'ru', 'ru', '', 'ru', 'ru', 'ru', 'ru', 'ru', 'ru', '', 'ru', 'ru', '', 'ru', 'ru', 'ru', 'ru', 'non-ru', '', 'ru', 'ru', 'ru', '', 'ru', 'ru', 'ru', 'ru', 'ru', '', 'ru', 'ru', 'ru', 'ru', 'ru', '', 'ru', 'ru', 'ru', 'ru', '', 'ru', 'ru', 'ru', 'ru', 'ru', 'ru', 'ru', 'ru', 'ru', 'ru', 'ru', 'ru', '', 'ru', 'ru', '', 'ru', 'ru', 'ru', 'ru', '', 'ru', 'ru', '', 'ru', 'ru', 'ru', 'ru', '', 'ru', 'ru', 'ru', 'ru', 'ru', '', 'ru', 'ru', 'ru', '', 'ru', 'ru', 'ru', 'ru', 'ru', 'ru', 'ru', 'ru', 'ru', '', 'ru', 'ru', 'ru', 'ru', 'ru', '', 'ru', 'ru', 'ru', 'ru', 'ru', 'ru', '', 'ru', 'ru', 'ru', 'ru', 'ru', 'ru', 'ru', '', 'ru', 'ru', 'ru', 'ru', '', 'ru', 'ru', 'ru', 'ru', 'ru', 'ru', 'ru', 'ru', '', 'ru', 'ru', 'ru', 'ru', '', 'ru', 'ru', 'ru', '', 'ru', 'ru', 'ru', 'ru', '', 'ru', 'ru', 'ru', '', 'ru', 'ru', 'ru', 'ru', 'ru', 'ru', 'ru', 'ru', 'ru', '', 'ru', 'ru', '', 'ru', 'ru', 'ru', 'ru', 'ru', 'ru', 'ru', 'ru', 'ru', '', 'ru', 'ru', 'ru', 'ru', 'ru', 'ru', '', 'ru', '', 'ru', 'ru', 'ru', 'ru', '', 'ru', 'ru', 'ru', 'ru', 'ru', 'ru', '', 'ru', 'ru', 'ru', 'ru', '', 'ru', 'ru', 'ru', 'ru', '']",2,0,1
6,Эпилог,1,4,"['Еще', 'бòльшую', 'последовательность', 'и', 'необходимость', 'представляет', 'жизнь', 'Александра', 'I', ',', 'того', 'лица', ',', 'которое', 'стояло', 'во', 'главе', 'противодвижения', 'с', 'востока', 'на', 'запад', '.']","['ru', 'ru', 'ru', 'ru', 'ru', 'ru', 'ru', 'ru', 'non-ru', '', 'ru', 'ru', '', 'ru', 'ru', 'ru', 'ru', 'ru', 'ru', 'ru', 'ru', 'ru', '']",2,0,1
7,Эпилог,1,4,"['Нужно', 'чувство', 'справедливости', ',', 'участие', 'к', 'делам', 'Европы', ',', 'но', 'отдаленное', ',', 'не', 'затемненное', 'мелочными', 'интересами', ';', 'нужно', 'преобладание', 'высоты', 'нравственной', 'над', 'сотоварищами', '—', 'государями', 'того', 'времени', ';', 'нужна', 'кроткая', 'и', 'привлекательная', 'личность', ';', 'нужно', 'личное', 'оскорбление', 'против', 'Наполеона', '.', 'И', 'всё', 'это', 'есть', 'в', 'Александре', 'I', ';', 'всё', 'это', 'подготовлено', 'бесчисленными', 'так', 'называемыми', 'случайностями', 'всей', 'его', 'прошедшей', 'жизни', ':', 'и', 'воспитанием', ',', 'и', 'либеральными', 'начинаниями', ',', 'и', 'окружающими', 'советниками', ',', 'и', 'Аустерлицем', ',', 'и', 'Тильзитом', ',', 'и', 'Эрфуртом', '.']","['ru', 'ru', 'ru', '', 'ru', 'ru', 'ru', 'ru', '', 'ru', 'ru', '', 'ru', 'ru', 'ru', 'ru', '', 'ru', 'ru', 'ru', 'ru', 'ru', 'ru', '', 'ru', 'ru', 'ru', '', 'ru', 'ru', 'ru', 'ru', 'ru', '', 'ru', 'ru', 'ru', 'ru', 'ru', '', 'ru', 'ru', 'ru', 'ru', 'ru', 'ru', 'non-ru', '', 'ru', 'ru', 'ru', 'ru', 'ru', 'ru', 'ru', 'ru', 'ru', 'ru', 'ru', '', 'ru', 'ru', '', 'ru', 'ru', 'ru', '', 'ru', 'ru', 'ru', '', 'ru', 'ru', '', 'ru', 'ru', '', 'ru', 'ru', '']",2,0,1
8,Эпилог,1,4,"['Александр', 'I', ',', 'умиротворитель', 'Европы', ',', 'человек', ',', 'с', 'молодых', 'лет', 'стремившийся', 'только', 'к', 'благу', 'своих', 'народов', ',', 'первый', 'зачинщик', 'либеральных', 'нововведений', 'в', 'своем', 'отечестве', ',', 'теперь', ',', 'когда', ',', 'кажется', ',', 'он', 'владеет', 'наибольшею', 'властью', ',', 'и', 'потому', 'возможностью', 'сделать', 'благо', 'своих', 'народов', ',', 'в', 'то', 'время', 'как', 'Наполеон', 'в', 'изгнании', 'делает', 'детские', 'и', 'лживые', 'планы', 'о', 'том', ',', 'как', 'бы', 'он', 'осчастливил', 'человечество', ',', 'еслиб', 'имел', 'власть', ',', 'Александр', 'I', ',', 'исполнив', 'свое', 'призвание', 'и', 'почуяв', 'на', 'себе', 'руку', 'Божию', ',', 'вдруг', 'признает', 'ничтожность', 'этой', 'мнимой', 'власти', ',', 'отворачивается', 'от', 'нее', ',', 'передает', 'ее', 'в', 'руки', 'презираемых', 'им', 'и', 'презренных', 'людей', ',', 'и', 'говорит', 'только', ':']","['ru', 'non-ru', '', 'ru', 'ru', '', 'ru', '', 'ru', 'ru', 'ru', 'ru', 'ru', 'ru', 'ru', 'ru', 'ru', '', 'ru', 'ru', 'ru', 'ru', 'ru', 'ru', 'ru', '', 'ru', '', 'ru', '', 'ru', '', 'ru', 'ru', 'ru', 'ru', '', 'ru', 'ru', 'ru', 'ru', 'ru', 'ru', 'ru', '', 'ru', 'ru', 'ru', 'ru', 'ru', 'ru', 'ru', 'ru', 'ru', 'ru', 'ru', 'ru', 'ru', 'ru', '', 'ru', 'ru', 'ru', 'ru', 'ru', '', 'ru', 'ru', 'ru', '', 'ru', 'non-ru', '', 'ru', 'ru', 'ru', 'ru', 'ru', 'ru', 'ru', 'ru', 'ru', '', 'ru', 'ru', 'ru', 'ru', 'ru', 'ru', '', 'ru', 'ru', 'ru', '', 'ru', 'ru', 'ru', 'ru', 'ru', 'ru', 'ru', 'ru', 'ru', '', 'ru', 'ru', 'ru', '']",4,0,1
9,Эпилог,1,6,"['—', 'Ах', ',', 'как', 'можно', 'так', 'говорить', ',', 'Nicolas', '!', '—', 'сказала', 'Соня', ',', 'едва', 'скрывая', 'свою', 'радость', '.', '—', 'Она', 'такая', 'добрая', ',', 'и', 'maman', 'так', 'любит', 'ее', '.']","['', 'ru', '', 'ru', 'ru', 'ru', 'ru', '', 'non-ru', '', '', 'ru', 'ru', '', 'ru', 'ru', 'ru', 'ru', '', '', 'ru', 'ru', 'ru', '', 'ru', 'non-ru', 'ru', 'ru', 'ru', '']",4,0,2
10,Эпилог,1,6,"['В', 'середине', 'зимы', 'она', 'сидела', 'в', 'классной', ',', 'следя', 'за', 'уроками', 'племянника', ',', 'когда', 'ей', 'пришли', 'доложить', 'о', 'приезде', 'Ростова', '.', 'С', 'твердым', 'решением', 'не', 'выдавать', 'своей', 'тайны', 'и', 'не', 'выказать', 'своего', 'смущения', ',', 'она', 'пригласила', 'm', '-', 'lle', 'Bourienne', 'и', 'с', 'нею', 'вместе', 'вышла', 'в', 'гостиную', '.']","['ru', 'ru', 'ru', 'ru', 'ru', 'ru', 'ru', '', 'ru', 'ru', 'ru', 'ru', '', 'ru', 'ru', 'ru', 'ru', 'ru', 'ru', 'ru', '', 'ru', 'ru', 'ru', 'ru', 'ru', 'ru', 'ru', 'ru', 'ru', 'ru', 'ru', 'ru', '', 'ru', 'ru', 'non-ru', '', 'non-ru', 'non-ru', 'ru', 'ru', 'ru', 'ru', 'ru', 'ru', 'ru', '']",2,0,1
11,Эпилог,1,6,"['Княжна', 'с', 'помощью', 'm', '-', 'lle', 'Bourienne', 'выдержала', 'разговор', 'очень', 'хорошо', ';', 'но', 'в', 'самую', 'последнюю', 'минуту', ',', 'в', 'то', 'время', 'как', 'он', 'поднялся', ',', 'она', 'так', 'устала', 'говорить', 'о', 'том', ',', 'до', 'чего', 'ей', 'не', 'было', 'дела', ',', 'и', 'мысль', 'о', 'том', ',', 'за', 'чтò', 'ей', 'одной', 'так', 'мало', 'дано', 'радостей', 'в', 'жизни', ',', 'так', 'заняла', 'ее', ',', 'что', 'она', 'в', 'припадке', 'рассеянности', ',', 'устремив', 'вперед', 'себя', 'свои', 'лучистые', 'глаза', ',', 'сидела', 'неподвижно', ',', 'не', 'замечая', ',', 'что', 'он', 'поднялся', '.']","['ru', 'ru', 'ru', 'non-ru', '', 'non-ru', 'non-ru', 'ru', 'ru', 'ru', 'ru', '', 'ru', 'ru', 'ru', 'ru', 'ru', '', 'ru', 'ru', 'ru', 'ru', 'ru', 'ru', '', 'ru', 'ru', 'ru', 'ru', 'ru', 'ru', '', 'ru', 'ru', 'ru', 'ru', 'ru', 'ru', '', 'ru', 'ru', 'ru', 'ru', '', 'ru', 'ru', 'ru', 'ru', 'ru', 'ru', 'ru', 'ru', 'ru', 'ru', '', 'ru', 'ru', 'ru', '', 'ru', 'ru', 'ru', 'ru', 'ru', '', 'ru', 'ru', 'ru', 'ru', 'ru', 'ru', '', 'ru', 'ru', '', 'ru', 'ru', '', 'ru', 'ru', 'ru', '']",2,0,1
12,Эпилог,1,6,"['Николай', 'посмотрел', 'на', 'нее', 'и', ',', 'желая', 'сделать', 'вид', ',', 'что', 'он', 'не', 'замечает', 'ее', 'рассеянности', ',', 'сказал', 'несколько', 'слов', 'm', '-', 'lle', 'Bourienne', 'и', 'опять', 'взглянул', 'на', 'княжну', '.', 'Она', 'сидела', 'так', 'же', 'неподвижно', ',', 'и', 'на', 'нежном', 'лице', 'ее', 'выражалось', 'страдание', '.', 'Ему', 'вдруг', 'стало', 'жалко', 'ее', 'и', 'смутно', 'представилось', ',', 'что', ',', 'может', 'быть', ',', 'он', 'был', 'причиной', 'той', 'печали', ',', 'которая', 'выражалась', 'на', 'ее', 'лице', '.', 'Ему', 'захотелось', 'помочь', 'ей', ',', 'сказать', 'ей', 'что', '-', 'нибудь', 'приятное', ';', 'но', 'он', 'не', 'мог', 'придумать', ',', 'чтò', 'бы', 'сказать', 'ей', '.']","['ru', 'ru', 'ru', 'ru', 'ru', '', 'ru', 'ru', 'ru', '', 'ru', 'ru', 'ru', 'ru', 'ru', 'ru', '', 'ru', 'ru', 'ru', 'non-ru', '', 'non-ru', 'non-ru', 'ru', 'ru', 'ru', 'ru', 'ru', '', 'ru', 'ru', 'ru', 'ru', 'ru', '', 'ru', 'ru', 'ru', 'ru', 'ru', 'ru', 'ru', '', 'ru', 'ru', 'ru', 'ru', 'ru', 'ru', 'ru', 'ru', '', 'ru', '', 'ru', 'ru', '', 'ru', 'ru', 'ru', 'ru', 'ru', '', 'ru', 'ru', 'ru', 'ru', 'ru', '', 'ru', 'ru', 'ru', 'ru', '', 'ru', 'ru', 'ru', '', 'ru', 'ru', '', 'ru', 'ru', 'ru', 'ru', 'ru', '', 'ru', 'ru', 'ru', 'ru', '']",2,0,1
13,Эпилог,1,6,"['—', 'Постойте', ',', 'я', 'сейчас', 'принесу', 'ее', ',', '—', 'сказала', 'm', '-', 'lle', 'Bourienne', 'и', 'вышла', 'из', 'комнаты', '.']","['', 'ru', '', 'ru', 'ru', 'ru', 'ru', '', '', 'ru', 'non-ru', '', 'non-ru', 'non-ru', 'ru', 'ru', 'ru', 'ru', '']",2,0,1
14,Эпилог,1,7,"['Еще', 'менее', 'могла', 'она', 'понять', ',', 'почему', 'он', ',', 'с', 'его', 'добрым', 'сердцем', ',', 'с', 'его', 'всегдашнею', 'готовностью', 'предупредить', 'ее', 'желания', ',', 'приходил', 'почти', 'в', 'отчаяние', ',', 'когда', 'она', 'передавала', 'ему', 'просьбы', 'каких', '-', 'нибудь', 'баб', 'или', 'мужиков', ',', 'обращавшихся', 'к', 'ней', ',', 'чтобы', 'освободить', 'их', 'от', 'работ', ',', 'почему', 'он', ',', 'добрый', 'Nicolas', ',', 'упорно', 'отказывал', 'ей', ',', 'сердито', 'прося', 'ее', 'не', 'вмешиваться', 'не', 'в', 'свое', 'дело', '.', 'Она', 'чувствовала', ',', 'что', 'у', 'него', 'был', 'особый', 'мир', ',', 'страстно', 'им', 'любимый', ',', 'с', 'какими', '-', 'то', 'законами', ',', 'которых', 'она', 'не', 'понимала', '.']","['ru', 'ru', 'ru', 'ru', 'ru', '', 'ru', 'ru', '', 'ru', 'ru', 'ru', 'ru', '', 'ru', 'ru', 'ru', 'ru', 'ru', 'ru', 'ru', '', 'ru', 'ru', 'ru', 'ru', '', 'ru', 'ru', 'ru', 'ru', 'ru', 'ru', '', 'ru', 'ru', 'ru', 'ru', '', 'ru', 'ru', 'ru', '', 'ru', 'ru', 'ru', 'ru', 'ru', '', 'ru', 'ru', '', 'ru', 'non-ru', '', 'ru', 'ru', 'ru', '', 'ru', 'ru', 'ru', 'ru', 'ru', 'ru', 'ru', 'ru', 'ru', '', 'ru', 'ru', '', 'ru', 'ru', 'ru', 'ru', 'ru', 'ru', '', 'ru', 'ru', 'ru', '', 'ru', 'ru', '', 'ru', 'ru', '', 'ru', 'ru', 'ru', 'ru', '']",2,0,1
15,Эпилог,1,8,"['—', 'Nicolas', ',', 'я', 'видела', '...', 'он', 'виноват', ',', 'но', 'ты', ',', 'зачем', 'ты', '?', 'Nicolas', '!', '..', '—', 'и', 'она', 'закрыла', 'лицо', 'руками', '.']","['', 'non-ru', '', 'ru', 'ru', '', 'ru', 'ru', '', 'ru', 'ru', '', 'ru', 'ru', '', 'non-ru', '', '', '', 'ru', 'ru', 'ru', 'ru', 'ru', '']",3,0,2
16,Эпилог,1,8,"['—', 'Nicolas', ',', 'когда', 'ты', 'разбил', 'камэ', '?', '—', 'чтобы', 'переменить', 'разговор', ',', 'сказала', 'она', 'разглядывая', 'его', 'руку', ',', 'на', 'которой', 'был', 'перстень', 'с', 'головой', 'Лаокоона', '.']","['', 'non-ru', '', 'ru', 'ru', 'ru', 'ru', '', '', 'ru', 'ru', 'ru', '', 'ru', 'ru', 'ru', 'ru', 'ru', '', 'ru', 'ru', 'ru', 'ru', 'ru', 'ru', 'ru', '']",1,0,1
17,Эпилог,1,8,"['—', '«', 'Имущему', 'дастся', ',', 'а', 'у', 'неимущего', 'отнимется', '»', ',', 'помнишь', '?', 'Она', '—', 'неимущий', ':', 'за', 'что', '?', 'не', 'знаю', ';', '—', 'в', 'ней', 'нет', ',', 'может', 'быть', ',', 'эгоизма', ',', '—', 'я', 'не', 'знаю', ',', 'но', 'у', 'нее', 'отнимется', ',', 'и', 'всё', 'отнялось', '.', 'Мне', 'ее', 'ужасно', 'жалко', 'иногда', ';', 'я', 'ужасно', 'желала', 'прежде', ',', 'чтобы', 'Nicolas', 'женился', 'на', 'ней', ';', 'но', 'я', 'всегда', 'как', 'бы', 'предчувствовала', ',', 'что', 'этого', 'не', 'будет', '.', 'Она', 'пустоцвет', ',', 'знаешь', 'как', 'на', 'клубнике', '?', 'Иногда', 'мне', 'ее', 'жалко', ',', 'а', 'иногда', 'я', 'думаю', ',', 'что', 'она', 'не', 'чувствует', 'этого', ',', 'как', 'чувствовали', 'бы', 'мы', '.']","['', '', 'ru', 'ru', '', 'ru', 'ru', 'ru', 'ru', '', '', 'ru', '', 'ru', '', 'ru', '', 'ru', 'ru', '', 'ru', 'ru', '', '', 'ru', 'ru', 'ru', '', 'ru', 'ru', '', 'ru', '', '', 'ru', 'ru', 'ru', '', 'ru', 'ru', 'ru', 'ru', '', 'ru', 'ru', 'ru', '', 'ru', 'ru', 'ru', 'ru', 'ru', '', 'ru', 'ru', 'ru', 'ru', '', 'ru', 'non-ru', 'ru', 'ru', 'ru', '', 'ru', 'ru', 'ru', 'ru', 'ru', 'ru', '', 'ru', 'ru', 'ru', 'ru', '', 'ru', 'ru', '', 'ru', 'ru', 'ru', 'ru', '', 'ru', 'ru', 'ru', 'ru', '', 'ru', 'ru', 'ru', 'ru', '', 'ru', 'ru', 'ru', 'ru', 'ru', '', 'ru', 'ru', 'ru', 'ru', '']",2,0,1
18,Эпилог,1,9,"['—', 'Ну', ',', 'messieurs', 'et', 'mesdames', ',', '—', 'сказал', 'Николай', 'громко', 'и', 'как', 'бы', 'весело', '(', 'графине', 'Марье', 'казалось', ',', 'что', 'это', 'нарочно', ',', 'чтоб', 'ее', 'оскорбить', ')', ',', '—', 'я', 'с', 'шести', 'часов', 'на', 'ногах', '.', 'Завтра', 'уж', 'надо', 'страдать', ',', 'а', 'нынче', 'пойти', 'отдохнуть', '.', '—', 'И', 'не', 'сказав', 'больше', 'ничего', 'графине', 'Марье', ',', 'он', 'ушел', 'в', 'маленькую', 'диванную', 'и', 'лег', 'на', 'диван', '.']","['', 'ru', '', 'non-ru', 'non-ru', 'non-ru', '', '', 'ru', 'ru', 'ru', 'ru', 'ru', 'ru', 'ru', '', 'ru', 'ru', 'ru', '', 'ru', 'ru', 'ru', '', 'ru', 'ru', 'ru', '', '', '', 'ru', 'ru', 'ru', 'ru', 'ru', 'ru', '', 'ru', 'ru', 'ru', 'ru', '', 'ru', 'ru', 'ru', 'ru', '', '', 'ru', 'ru', 'ru', 'ru', 'ru', 'ru', 'ru', '', 'ru', 'ru', 'ru', 'ru', 'ru', 'ru', 'ru', 'ru', 'ru', '']",2,0,1
19,Эпилог,1,9,"['—', 'Chère', 'Marie', ',', 'il', 'dort', ',', 'je', 'crois', ';', 'il', 'est', 'si', 'fatigué', ',', '—', 'сказала', '(', 'как', 'казалось', 'графине', 'Марье', ')', 'везде', 'встречавшаяся', 'ей', 'Соня', 'в', 'большой', 'диванной', '.', '—', 'Андрюша', 'не', 'разбудил', 'бы', 'его', '.']","['', 'non-ru', 'non-ru', '', 'non-ru', 'non-ru', '', 'non-ru', 'non-ru', '', 'non-ru', 'non-ru', 'non-ru', 'non-ru', '', '', 'ru', '', 'ru', 'ru', 'ru', 'ru', '', 'ru', 'ru', 'ru', 'ru', 'ru', 'ru', 'ru', '', '', 'ru', 'ru', 'ru', 'ru', 'ru', '']",1,0,1
20,Эпилог,1,9,"['—', 'Ах', ',', 'какая', 'ты', 'смешная', '!', 'Не', 'по', 'хорошỳ', 'мил', ',', 'а', 'по', 'милỳ', 'хорош', '.', 'Это', 'только', 'Malvina', 'и', 'других', 'любят', 'за', 'то', ',', 'что', 'они', 'красивы', ';', 'а', 'жену', 'разве', 'я', 'люблю', '?', 'Я', 'не', 'люблю', ',', 'а', 'так', ',', 'не', 'знаю', 'как', 'тебе', 'сказать', '.', 'Без', 'тебя', 'и', 'когда', 'вот', 'так', 'у', 'нас', 'какая', '-', 'то', 'кошка', 'пробежит', ',', 'я', 'как', 'будто', 'пропал', 'и', 'ничего', 'не', 'могу', '.', 'Ну', ',', 'что', 'я', 'люблю', 'палец', 'свой', '?', 'Я', 'не', 'люблю', ',', 'а', 'попробуй', ',', 'отрежь', 'его', '...']","['', 'ru', '', 'ru', 'ru', 'ru', '', 'ru', 'ru', 'ru', 'ru', '', 'ru', 'ru', 'ru', 'ru', '', 'ru', 'ru', 'non-ru', 'ru', 'ru', 'ru', 'ru', 'ru', '', 'ru', 'ru', 'ru', '', 'ru', 'ru', 'ru', 'ru', 'ru', '', 'ru', 'ru', 'ru', '', 'ru', 'ru', '', 'ru', 'ru', 'ru', 'ru', 'ru', '', 'ru', 'ru', 'ru', 'ru', 'ru', 'ru', 'ru', 'ru', 'ru', '', 'ru', 'ru', 'ru', '', 'ru', 'ru', 'ru', 'ru', 'ru', 'ru', 'ru', 'ru', '', 'ru', '', 'ru', 'ru', 'ru', 'ru', 'ru', '', 'ru', 'ru', 'ru', '', 'ru', 'ru', '', 'ru', 'ru', '']",2,0,1
21,Эпилог,1,9,"['—', 'Он', ',', 'он', ',', 'Nicolas', ',', '—', 'сказала', 'через', 'несколько', 'минут', 'графиня', 'Марья', ',', 'возвращаясь', 'в', 'комнату', '.', '—', 'Теперь', 'ожила', 'наша', 'Наташа', '.', 'Надо', 'было', 'видеть', 'ее', 'восторг', 'и', 'как', 'ему', 'досталось', 'сейчас', 'же', 'за', 'то', ',', 'что', 'он', 'просрочил', '.', '—', 'Ну', ',', 'пойдем', 'скорее', ',', 'пойдем', '!', 'Расстаньтесь', 'же', 'наконец', ',', '—', 'сказала', 'она', ',', 'улыбаясь', 'глядя', 'на', 'девочку', ',', 'жавшуюся', 'к', 'отцу', '.', 'Николай', 'вышел', ',', 'держа', 'дочь', 'за', 'руку', '.']","['', 'ru', '', 'ru', '', 'non-ru', '', '', 'ru', 'ru', 'ru', 'ru', 'ru', 'ru', '', 'ru', 'ru', 'ru', '', '', 'ru', 'ru', 'ru', 'ru', '', 'ru', 'ru', 'ru', 'ru', 'ru', 'ru', 'ru', 'ru', 'ru', 'ru', 'ru', 'ru', 'ru', '', 'ru', 'ru', 'ru', '', '', 'ru', '', 'ru', 'ru', '', 'ru', '', 'ru', 'ru', 'ru', '', '', 'ru', 'ru', '', 'ru', 'ru', 'ru', 'ru', '', 'ru', 'ru', 'ru', '', 'ru', 'ru', '', 'ru', 'ru', 'ru', 'ru', '']",2,0,1
22,Эпилог,1,11,"['—', 'Как', 'мил', '!', '—', 'сказала', 'графиня', 'Марья', ',', 'глядя', 'на', 'ребенка', 'и', 'играя', 'с', 'ним', '.', '—', 'Вот', 'этого', 'я', 'не', 'понимаю', ',', 'Nicolas', ',', '—', 'обратилась', 'она', 'к', 'мужу', ',', '—', 'как', 'ты', 'не', 'понимаешь', 'прелесть', 'этих', 'чудо', '-', 'прелестей', '.']","['', 'ru', 'ru', '', '', 'ru', 'ru', 'ru', '', 'ru', 'ru', 'ru', 'ru', 'ru', 'ru', 'ru', '', '', 'ru', 'ru', 'ru', 'ru', 'ru', '', 'non-ru', '', '', 'ru', 'ru', 'ru', 'ru', '', '', 'ru', 'ru', 'ru', 'ru', 'ru', 'ru', 'ru', '', 'ru', '']",2,0,1
23,Эпилог,1,12,"['Пьер', ',', 'самый', 'рассеянный', ',', 'забывчивый', 'человек', ',', 'теперь', ',', 'по', 'списку', ',', 'составленному', 'женой', ',', 'купил', 'всё', ',', 'не', 'забыв', 'ни', 'комиссий', 'матери', 'и', 'брата', ',', 'ни', 'подарков', 'на', 'платье', 'Беловой', ',', 'ни', 'игрушек', 'племянникам', '.', 'Ему', 'странно', 'показалось', 'в', 'первое', 'время', 'своей', 'женитьбы', 'это', 'требование', 'жены', '—', 'исполнить', 'и', 'не', 'забыть', 'всего', 'того', ',', 'чтò', 'он', 'взялся', 'купить', ',', 'и', 'поразило', 'серьезное', 'огорчение', 'ее', ',', 'когда', 'он', 'в', 'первую', 'свою', 'поездку', 'всё', 'перезабыл', '.', 'Ho', 'впоследствии', 'он', 'привык', 'к', 'этому', '.', 'Зная', ',', 'что', 'Наташа', 'для', 'себя', 'ничего', 'не', 'поручала', ',', 'а', 'для', 'других', 'поручала', 'только', 'тогда', ',', 'когда', 'он', 'сам', 'вызывался', ',', 'он', 'теперь', 'находил', 'неожиданное', 'для', 'самого', 'себя', 'детское', 'удовольствие', 'в', 'этих', 'покупках', 'подарков', 'для', 'всего', 'дома', 'и', 'никогда', 'ничего', 'не', 'забывал', '.', 'Ежели', 'он', 'заслуживал', 'упреки', 'от', 'Наташи', ',', 'то', 'только', 'за', 'то', ',', 'что', 'покупал', 'лишнее', 'и', 'слишком', 'дорого', '.', 'Ко', 'всем', 'своим', 'недостаткам', ',', 'по', 'мнению', 'большинства', ',', 'или', 'качествам', ',', 'по', 'мнению', 'Пьера', ',', 'неряшливости', ',', 'опущенности', ',', 'Наташа', 'присоединила', 'еще', 'скупость', '.']","['ru', '', 'ru', 'ru', '', 'ru', 'ru', '', 'ru', '', 'ru', 'ru', '', 'ru', 'ru', '', 'ru', 'ru', '', 'ru', 'ru', 'ru', 'ru', 'ru', 'ru', 'ru', '', 'ru', 'ru', 'ru', 'ru', 'ru', '', 'ru', 'ru', 'ru', '', 'ru', 'ru', 'ru', 'ru', 'ru', 'ru', 'ru', 'ru', 'ru', 'ru', 'ru', '', 'ru', 'ru', 'ru', 'ru', 'ru', 'ru', '', 'ru', 'ru', 'ru', 'ru', '', 'ru', 'ru', 'ru', 'ru', 'ru', '', 'ru', 'ru', 'ru', 'ru', 'ru', 'ru', 'ru', 'ru', '', 'non-ru', 'ru', 'ru', 'ru', 'ru', 'ru', '', 'ru', '', 'ru', 'ru', 'ru', 'ru', 'ru', 'ru', 'ru', '', 'ru', 'ru', 'ru', 'ru', 'ru', 'ru', '', 'ru', 'ru', 'ru', 'ru', '', 'ru', 'ru', 'ru', 'ru', 'ru', 'ru', 'ru', 'ru', 'ru', 'ru', 'ru', 'ru', 'ru', 'ru', 'ru', 'ru', 'ru', 'ru', 'ru', 'ru', 'ru', '', 'ru', 'ru', 'ru', 'ru', 'ru', 'ru', '', 'ru', 'ru', 'ru', 'ru', '', 'ru', 'ru', 'ru', 'ru', 'ru', 'ru', '', 'ru', 'ru', 'ru', 'ru', '', 'ru', 'ru', 'ru', '', 'ru', 'ru', '', 'ru', 'ru', 'ru', '', 'ru', '', 'ru', '', 'ru', 'ru', 'ru', 'ru', '']",2,0,1
24,Эпилог,1,12,"['—', 'Дорого', ',', '—', 'сказала', 'Наташа', '.', '—', 'Ну', ',', 'как', 'дети', 'рады', 'будут', 'и', 'maman', '.', 'Только', 'напрасно', 'ты', 'мне', 'это', 'купил', ',', '—', 'прибавила', 'она', ',', 'не', 'в', 'силах', 'удержать', 'улыбку', ',', 'любуясь', 'на', 'золотой', 'в', 'жемчугах', 'гребень', ',', 'которые', 'тогда', 'только', 'что', 'стали', 'входить', 'в', 'моду', '.']","['', 'ru', '', '', 'ru', 'ru', '', '', 'ru', '', 'ru', 'ru', 'ru', 'ru', 'ru', 'non-ru', '', 'ru', 'ru', 'ru', 'ru', 'ru', 'ru', '', '', 'ru', 'ru', '', 'ru', 'ru', 'ru', 'ru', 'ru', '', 'ru', 'ru', 'ru', 'ru', 'ru', 'ru', '', 'ru', 'ru', 'ru', 'ru', 'ru', 'ru', 'ru', 'ru', '']",2,0,1
25,Эпилог,1,12,"['Но', 'взгляды', 'эти', 'кроме', 'того', 'говорили', 'еще', 'другое', ';', 'они', 'говорили', 'о', 'том', ',', 'что', 'она', 'сделала', 'уже', 'свое', 'дело', 'в', 'жизни', ',', 'о', 'том', ',', 'что', 'она', 'не', 'вся', 'в', 'том', ',', 'чтò', 'теперь', 'видно', 'в', 'ней', ',', 'о', 'том', ',', 'что', 'и', 'все', 'мы', 'будем', 'такие', 'же', ',', 'и', 'что', 'радостно', 'покоряться', 'ей', ',', 'сдерживать', 'себя', 'для', 'этого', 'когда', '-', 'то', 'дорогого', ',', 'когда', '-', 'то', 'такого', 'же', 'полного', ',', 'как', 'и', 'мы', ',', 'жизни', ',', 'а', 'теперь', 'жалкого', 'существа', '.', 'Memento', 'mori', ',', 'говорили', 'эти', 'взгляды', '.']","['ru', 'ru', 'ru', 'ru', 'ru', 'ru', 'ru', 'ru', '', 'ru', 'ru', 'ru', 'ru', '', 'ru', 'ru', 'ru', 'ru', 'ru', 'ru', 'ru', 'ru', '', 'ru', 'ru', '', 'ru', 'ru', 'ru', 'ru', 'ru', 'ru', '', 'ru', 'ru', 'ru', 'ru', 'ru', '', 'ru', 'ru', '', 'ru', 'ru', 'ru', 'ru', 'ru', 'ru', 'ru', '', 'ru', 'ru', 'ru', 'ru', 'ru', '', 'ru', 'ru', 'ru', 'ru', 'ru', '', 'ru', 'ru', '', 'ru', '', 'ru', 'ru', 'ru', 'ru', '', 'ru', 'ru', 'ru', '', 'ru', '', 'ru', 'ru', 'ru', 'ru', '', 'non-ru', 'non-ru', '', 'ru', 'ru', 'ru', '']",2,0,1
26,Эпилог,1,13,"['—', 'Это', 'чтò', 'же', ',', 'mon', 'cher', 'ami', '?', '—', 'спросила', 'графиня', ',', 'отпившая', 'свой', 'чай', 'и', 'видимо', 'желая', 'найти', 'предлог', 'для', 'того', ',', 'чтобы', 'посердиться', 'после', 'пищи', '.', '—', 'Как', 'же', 'это', 'ты', 'говоришь', ':', 'правительство', ';', 'я', 'это', 'не', 'пойму', '.']","['', 'ru', 'ru', 'ru', '', 'non-ru', 'non-ru', 'non-ru', '', '', 'ru', 'ru', '', 'ru', 'ru', 'ru', 'ru', 'ru', 'ru', 'ru', 'ru', 'ru', 'ru', '', 'ru', 'ru', 'ru', 'ru', '', '', 'ru', 'ru', 'ru', 'ru', 'ru', '', 'ru', '', 'ru', 'ru', 'ru', 'ru', '']",2,0,1
27,Эпилог,1,13,"['—', 'Да', ',', 'знаете', ',', 'maman', ',', '—', 'вмешался', 'Николай', ',', 'знавший', ',', 'как', 'надо', 'было', 'переводить', 'на', 'язык', 'матери', ',', '—', 'это', 'князь', 'Александр', 'Николаевич', 'Голицын', 'устроил', 'общество', ',', 'так', 'он', 'в', 'большой', 'силе', ',', 'говорят', '.']","['', 'ru', '', 'ru', '', 'non-ru', '', '', 'ru', 'ru', '', 'ru', '', 'ru', 'ru', 'ru', 'ru', 'ru', 'ru', 'ru', '', '', 'ru', 'ru', 'ru', 'ru', 'ru', 'ru', 'ru', '', 'ru', 'ru', 'ru', 'ru', 'ru', '', 'ru', '']",2,0,1
28,Эпилог,1,14,"['—', 'Non', ',', 'm', '-', 'г', 'Dessales', ',', 'je', 'demanderai', 'à', 'ma', 'tante', 'de', 'rester', ',', 'отвечал', 'также', 'шопотом', 'Николинька', 'Болконский', '.']","['', 'non-ru', '', 'non-ru', '', 'ru', 'non-ru', '', 'non-ru', 'non-ru', '', 'non-ru', 'non-ru', 'non-ru', 'non-ru', '', 'ru', 'ru', 'ru', 'ru', 'ru', '']",3,0,1
29,Эпилог,1,14,"['—', 'Ma', 'tante', ',', 'позвольте', 'мне', 'остаться', ',', '—', 'сказал', 'Николинька', ',', 'подходя', 'к', 'тетке', '.', 'Лицо', 'его', 'выражало', 'мольбу', ',', 'волнение', 'и', 'восторг', '.', 'Графиня', 'Марья', 'поглядела', 'на', 'него', 'и', 'обратилась', 'к', 'Пьеру', '.']","['', 'non-ru', 'non-ru', '', 'ru', 'ru', 'ru', '', '', 'ru', 'ru', '', 'ru', 'ru', 'ru', '', 'ru', 'ru', 'ru', 'ru', '', 'ru', 'ru', 'ru', '', 'ru', 'ru', 'ru', 'ru', 'ru', 'ru', 'ru', 'ru', 'ru', '']",1,0,1
30,Эпилог,1,14,"['—', 'Je', 'vous', 'le', 'ramènerai', 'tont', '-', 'à', '-', 'l’heure', ',', 'm', '-', 'r', 'Dessales', ';', 'bonsoir', ',', '—', 'сказал', 'Пьер', ',', 'подавая', 'швейцарцу', 'руку', 'и', ',', 'улыбаясь', ',', 'обратился', 'к', 'Николиньке', '.', '—', 'Мы', 'совсем', 'не', 'видались', 'с', 'тобой', '.', 'Мари', ',', 'как', 'он', 'похож', 'становится', ',', '—', 'прибавил', 'он', 'обращаясь', 'к', 'графине', 'Марье', '.']","['', 'non-ru', 'non-ru', 'non-ru', 'non-ru', 'non-ru', '', '', '', 'non-ru', '', 'non-ru', '', 'non-ru', 'non-ru', '', 'non-ru', '', '', 'ru', 'ru', '', 'ru', 'ru', 'ru', 'ru', '', 'ru', '', 'ru', 'ru', 'ru', '', '', 'ru', 'ru', 'ru', 'ru', 'ru', 'ru', '', 'ru', '', 'ru', 'ru', 'ru', 'ru', '', '', 'ru', 'ru', 'ru', 'ru', 'ru', 'ru', '']",1,0,1
31,Эпилог,1,14,"['—', 'Прежде', 'немцем', 'надо', 'было', 'быть', ',', 'теперь', 'надо', 'плясать', 'с', 'Татариновой', 'и', 'm', '-', 'me', 'Крюднер', ',', 'читать', '...', 'Экарстгаузена', 'и', 'братию', '.', 'Ох', '!', 'спустил', 'бы', 'опять', 'молодца', 'нашего', 'Бонапарта', '.', 'Он', 'бы', 'всю', 'дурь', 'повыбил', '.', 'Ну', 'на', 'чтò', 'похоже', 'солдату', 'Шварцу', 'дать', 'Семеновский', 'полк', '?', '—', 'кричал', 'он', '.']","['', 'ru', 'ru', 'ru', 'ru', 'ru', '', 'ru', 'ru', 'ru', 'ru', 'ru', 'ru', 'non-ru', '', 'non-ru', 'ru', '', 'ru', '', 'ru', 'ru', 'ru', '', 'ru', '', 'ru', 'ru', 'ru', 'ru', 'ru', 'ru', '', 'ru', 'ru', 'ru', 'ru', 'ru', '', 'ru', 'ru', 'ru', 'ru', 'ru', 'ru', 'ru', 'ru', 'ru', '', '', 'ru', 'ru', '']",2,0,1
32,Эпилог,1,14,"['—', 'Вот', 'чтò', ',', '—', 'начал', 'Пьер', ',', 'не', 'садясь', 'и', 'то', 'ходя', 'по', 'комнате', ',', 'то', 'останавливаясь', ',', 'шепелявя', 'и', 'делая', 'быстрые', 'жесты', 'руками', 'в', 'то', 'время', ',', 'как', 'говорил', '.', '—', 'Вот', 'чтò', '.', 'Положение', 'в', 'Петербурге', 'вот', 'какое', ':', 'государь', 'ни', 'во', 'чтò', 'не', 'входит', '.', 'Он', 'весь', 'предан', 'этому', 'мистицизму', '(', 'мистицизма', 'Пьер', 'никому', 'не', 'прощал', 'теперь', ')', '.', 'Он', 'ищет', 'только', 'спокойствия', ',', 'и', 'спокойствие', 'ему', 'могут', 'дать', 'только', 'те', 'люди', 'sans', 'foi', 'ni', 'loi', ',', 'которые', 'рубят', 'и', 'душат', 'всё', 'сплеча', ':', 'Магницкий', ',', 'Аракчеев', ',', 'и', 'tutti', 'quanti', '...', 'Ты', 'согласен', ',', 'что', 'ежели', 'бы', 'ты', 'сам', 'не', 'занимался', 'хозяйством', ',', 'а', 'хотел', 'только', 'спокойствия', ',', 'то', 'чем', 'жесточе', 'бы', 'был', 'твой', 'бурмистр', ',', 'тем', 'скорее', 'ты', 'бы', 'достиг', 'цели', ',', '—', 'обратился', 'он', 'к', 'Николаю', '.']","['', 'ru', 'ru', '', '', 'ru', 'ru', '', 'ru', 'ru', 'ru', 'ru', 'ru', 'ru', 'ru', '', 'ru', 'ru', '', 'ru', 'ru', 'ru', 'ru', 'ru', 'ru', 'ru', 'ru', 'ru', '', 'ru', 'ru', '', '', 'ru', 'ru', '', 'ru', 'ru', 'ru', 'ru', 'ru', '', 'ru', 'ru', 'ru', 'ru', 'ru', 'ru', '', 'ru', 'ru', 'ru', 'ru', 'ru', '', 'ru', 'ru', 'ru', 'ru', 'ru', 'ru', '', '', 'ru', 'ru', 'ru', 'ru', '', 'ru', 'ru', 'ru', 'ru', 'ru', 'ru', 'ru', 'ru', 'non-ru', 'non-ru', 'non-ru', 'non-ru', '', 'ru', 'ru', 'ru', 'ru', 'ru', 'ru', '', 'ru', '', 'ru', '', 'ru', 'non-ru', 'non-ru', '', 'ru', 'ru', '', 'ru', 'ru', 'ru', 'ru', 'ru', 'ru', 'ru', 'ru', '', 'ru', 'ru', 'ru', 'ru', '', 'ru', 'ru', 'ru', 'ru', 'ru', 'ru', 'ru', '', 'ru', 'ru', 'ru', 'ru', 'ru', 'ru', '', '', 'ru', 'ru', 'ru', 'ru', '']",4,0,1
33,Эпилог,1,14,"['—', 'Отчего', '?', 'Оставь', 'его', ',', '—', 'сказал', 'Пьер', ',', 'взяв', 'за', 'руку', 'Николая', ',', 'и', 'продолжал', ':', '—', 'этого', 'мало', ',', 'я', 'им', 'говорю', ':', 'теперь', 'нужно', 'другое', '.', 'Когда', 'вы', 'стоите', 'и', 'ждете', ',', 'что', 'вот', '-', 'вот', 'лопнет', 'эта', 'натянутая', 'струна', ';', 'когда', 'все', 'ждут', 'неминуемого', 'переворота', ',', 'надо', 'как', 'можно', 'теснее', 'и', 'больше', 'народа', 'взяться', 'рука', 'с', 'рукой', ',', 'чтобы', 'противостоять', 'общей', 'катастрофе', '.', 'Всё', 'молодое', ',', 'сильное', 'притягивается', 'туда', 'и', 'развращается', '.', 'Одного', 'соблазняют', 'женщины', ',', 'другого', 'почести', ',', 'третьего', 'тщеславие', ',', 'деньги', ',', 'и', 'они', 'переходят', 'в', 'тот', 'лагерь', '.', 'Независимых', ',', 'свободных', 'людей', ',', 'как', 'вы', 'и', 'я', ',', 'совсем', 'не', 'остается', '.', 'Я', 'говорю', ':', 'расширьте', 'круг', 'общества', ':', 'Mot', 'd’ordre', 'пусть', 'будет', 'не', 'одна', 'добродетель', ',', 'но', 'независимость', 'и', 'деятельность', '.']","['', 'ru', '', 'ru', 'ru', '', '', 'ru', 'ru', '', 'ru', 'ru', 'ru', 'ru', '', 'ru', 'ru', '', '', 'ru', 'ru', '', 'ru', 'ru', 'ru', '', 'ru', 'ru', 'ru', '', 'ru', 'ru', 'ru', 'ru', 'ru', '', 'ru', 'ru', '', 'ru', 'ru', 'ru', 'ru', 'ru', '', 'ru', 'ru', 'ru', 'ru', 'ru', '', 'ru', 'ru', 'ru', 'ru', 'ru', 'ru', 'ru', 'ru', 'ru', 'ru', 'ru', '', 'ru', 'ru', 'ru', 'ru', '', 'ru', 'ru', '', 'ru', 'ru', 'ru', 'ru', 'ru', '', 'ru', 'ru', 'ru', '', 'ru', 'ru', '', 'ru', 'ru', '', 'ru', '', 'ru', 'ru', 'ru', 'ru', 'ru', 'ru', '', 'ru', '', 'ru', 'ru', '', 'ru', 'ru', 'ru', 'ru', '', 'ru', 'ru', 'ru', '', 'ru', 'ru', '', 'ru', 'ru', 'ru', '', 'non-ru', 'non-ru', 'ru', 'ru', 'ru', 'ru', 'ru', '', 'ru', 'ru', 'ru', 'ru', '']",2,0,1
34,Эпилог,1,14,"['—', 'Ну', ',', 'брат', ',', 'это', 'колбасникам', 'хорошо', 'тугендбунд', ',', 'а', 'я', 'этого', 'не', 'понимаю', ',', 'да', 'и', 'не', 'выговорю', ',', '—', 'послышался', 'громкий', ',', 'решительный', 'голос', 'Денисова', '.', '—', 'Всё', 'скверно', 'и', 'мерзко', ',', 'я', 'согласен', ',', 'только', 'тугендбунд', 'я', 'не', 'понимаю', ',', 'а', 'не', 'нравится', '—', 'так', 'бунт', ',', 'вот', 'это', 'так', '!', 'Je', 'suis', 'vot’e', 'homme', '!']","['', 'ru', '', 'ru', '', 'ru', 'ru', 'ru', 'ru', '', 'ru', 'ru', 'ru', 'ru', 'ru', '', 'ru', 'ru', 'ru', 'ru', '', '', 'ru', 'ru', '', 'ru', 'ru', 'ru', '', '', 'ru', 'ru', 'ru', 'ru', '', 'ru', 'ru', '', 'ru', 'ru', 'ru', 'ru', 'ru', '', 'ru', 'ru', 'ru', '', 'ru', 'ru', '', 'ru', 'ru', 'ru', '', 'non-ru', 'non-ru', 'non-ru', 'non-ru', '']",1,0,0
35,Эпилог,1,15,"['—', 'Это', 'дневник', ',', 'Nicolas', ',', '—', 'сказала', 'она', ',', 'подавая', 'ему', 'синенькую', 'тетрадку', ',', 'исписанную', 'ее', 'твердым', ',', 'крупным', 'почерком', '.']","['', 'ru', 'ru', '', 'non-ru', '', '', 'ru', 'ru', '', 'ru', 'ru', 'ru', 'ru', '', 'ru', 'ru', 'ru', '', 'ru', 'ru', '']",2,0,1
36,Эпилог,1,15,"['«', '4-го', 'декабря', '.', 'Нынче', 'Андрюша', '(', 'старший', 'сын', ')', ',', 'проснувшись', ',', 'не', 'хотел', 'одеваться', ',', 'и', 'm', '-', 'lle', 'Louise', 'прислала', 'за', 'мной', '.', 'Он', 'был', 'в', 'капризе', 'и', 'упрямстве', '.', 'Я', 'попробовала', 'угрожать', ',', 'но', 'он', 'только', 'еще', 'больше', 'рассердился', '.', 'Тогда', 'я', 'взяла', 'на', 'себя', ',', 'оставила', 'его', 'и', 'стала', 'с', 'няней', 'поднимать', 'других', 'детей', ',', 'а', 'ему', 'сказала', ',', 'что', 'я', 'не', 'люблю', 'его', '.', 'Он', 'долго', 'молчал', ',', 'как', 'бы', 'удивляясь', ';', 'потом', 'в', 'одной', 'рубашке', 'выскочил', 'ко', 'мне', 'и', 'разрыдался', 'так', ',', 'что', 'я', 'долго', 'не', 'могла', 'его', 'успокоить', '.', 'Видно', 'было', ',', 'что', 'он', 'мучился', 'больше', 'всего', 'тем', ',', 'что', 'огорчил', 'меня', ';', 'потом', ',', 'когда', 'я', 'вечером', 'дала', 'ему', 'билетец', ',', 'он', 'опять', 'жалостно', 'расплакался', ',', 'целуя', 'меня', '.', 'С', 'ним', 'всё', 'можно', 'сделать', 'нежностью', '»', '.']","['', 'ru', 'ru', '', 'ru', 'ru', '', 'ru', 'ru', '', '', 'ru', '', 'ru', 'ru', 'ru', '', 'ru', 'non-ru', '', 'non-ru', 'non-ru', 'ru', 'ru', 'ru', '', 'ru', 'ru', 'ru', 'ru', 'ru', 'ru', '', 'ru', 'ru', 'ru', '', 'ru', 'ru', 'ru', 'ru', 'ru', 'ru', '', 'ru', 'ru', 'ru', 'ru', 'ru', '', 'ru', 'ru', 'ru', 'ru', 'ru', 'ru', 'ru', 'ru', 'ru', '', 'ru', 'ru', 'ru', '', 'ru', 'ru', 'ru', 'ru', 'ru', '', 'ru', 'ru', 'ru', '', 'ru', 'ru', 'ru', '', 'ru', 'ru', 'ru', 'ru', 'ru', 'ru', 'ru', 'ru', 'ru', 'ru', '', 'ru', 'ru', 'ru', 'ru', 'ru', 'ru', 'ru', '', 'ru', 'ru', '', 'ru', 'ru', 'ru', 'ru', 'ru', 'ru', '', 'ru', 'ru', 'ru', '', 'ru', '', 'ru', 'ru', 'ru', 'ru', 'ru', 'ru', '', 'ru', 'ru', 'ru', 'ru', '', 'ru', 'ru', '', 'ru', 'ru', 'ru', 'ru', 'ru', 'ru', '', '']",2,0,1
37,Эпилог,1,15,"['«', 'Митя', 'шалил', 'за', 'столом', '.', 'Папа', 'не', 'велел', 'ему', 'давать', 'пирожного', '.', 'Ему', 'не', 'дали', ';', 'но', 'он', 'так', 'жалостно', 'и', 'жадно', 'смотрел', 'на', 'других', ',', 'пока', 'они', 'ели', '.', 'Я', 'думаю', ',', 'что', 'наказывать', ',', 'не', 'давая', 'сласти', ',', '—', 'только', 'развивает', 'жадность', '.', 'Сказать', 'Nicolas', '»', '.']","['', 'ru', 'ru', 'ru', 'ru', '', 'ru', 'ru', 'ru', 'ru', 'ru', 'ru', '', 'ru', 'ru', 'ru', '', 'ru', 'ru', 'ru', 'ru', 'ru', 'ru', 'ru', 'ru', 'ru', '', 'ru', 'ru', 'ru', '', 'ru', 'ru', '', 'ru', 'ru', '', 'ru', 'ru', 'ru', '', '', 'ru', 'ru', 'ru', '', 'ru', 'non-ru', '', '']",1,0,1
38,Эпилог,1,15,"['—', 'Ах', 'знаешь', 'ли', ',', 'Nicolas', ',', 'Николинька', 'так', 'часто', 'меня', 'мучит', ',', '—', 'сказала', 'графиня', 'Марья', '.', '—', 'Это', 'такой', 'необыкновенный', 'мальчик', '.', 'И', 'я', 'боюсь', ',', 'что', 'я', 'забываю', 'его', 'за', 'своими', '.', 'У', 'нас', 'у', 'всех', 'дети', ',', 'у', 'всех', 'родня', ';', 'а', 'у', 'него', 'никого', 'нет', '.', 'Он', 'вечно', 'один', 'с', 'своими', 'мыслями', '.']","['', 'ru', 'ru', 'ru', '', 'non-ru', '', 'ru', 'ru', 'ru', 'ru', 'ru', '', '', 'ru', 'ru', 'ru', '', '', 'ru', 'ru', 'ru', 'ru', '', 'ru', 'ru', 'ru', '', 'ru', 'ru', 'ru', 'ru', 'ru', 'ru', '', 'ru', 'ru', 'ru', 'ru', 'ru', '', 'ru', 'ru', 'ru', '', 'ru', 'ru', 'ru', 'ru', 'ru', '', 'ru', 'ru', 'ru', 'ru', 'ru', 'ru', '']",2,0,1
39,Эпилог,1,16,"['—', 'У', 'Николеньки', 'есть', 'эта', 'слабость', ',', 'что', 'если', 'чтò', 'не', 'принято', 'всеми', ',', 'он', 'ни', 'за', 'что', 'не', 'согласится', '.', 'А', 'я', 'понимаю', ',', 'ты', 'именно', 'дорожишь', 'тем', ',', 'чтоб', 'ouvrir', 'une', 'carrière', ',', '—', 'сказала', 'она', ',', 'повторяя', 'слова', ',', 'раз', 'сказанные', 'Пьером', '.']","['', 'ru', 'ru', 'ru', 'ru', 'ru', '', 'ru', 'ru', 'ru', 'ru', 'ru', 'ru', '', 'ru', 'ru', 'ru', 'ru', 'ru', 'ru', '', 'ru', 'ru', 'ru', '', 'ru', 'ru', 'ru', 'ru', '', 'ru', 'non-ru', 'non-ru', 'non-ru', '', '', 'ru', 'ru', '', 'ru', 'ru', '', 'ru', 'ru', 'ru', '']",2,0,1
40,Эпилог,1,16,"['В', 'то', 'же', 'время', 'внизу', ',', 'в', 'отделении', 'Николиньки', 'Болконского', ',', 'в', 'его', 'спальне', ',', 'как', 'всегда', ',', 'горела', 'лампада', '(', 'мальчик', 'боялся', 'темноты', ',', 'и', 'его', 'не', 'могли', 'отучить', 'от', 'этого', 'недостатка', ')', '.', 'Десаль', 'спал', 'высоко', 'на', 'своих', 'четырех', 'подушках', 'и', 'его', 'римский', 'нос', 'издавал', 'равномерные', 'звуки', 'храпенья', '.', 'Николинька', ',', 'только', 'что', 'проснувшись', ',', 'в', 'холодном', 'поту', ',', 'с', 'широко', '-', 'раскрытыми', 'глазами', ',', 'сидел', 'на', 'своей', 'постели', 'и', 'смотрел', 'перед', 'собой', '.', 'Страшный', 'сон', 'разбудил', 'его', '.', 'Он', 'видел', 'во', 'сне', 'себя', 'и', 'Пьера', 'в', 'касках', ',', 'таких', ',', 'какие', 'были', 'нарисованы', 'в', 'издании', 'Плутарха', '.', 'Они', 'с', 'дядей', 'Пьером', 'шли', 'впереди', 'огромного', 'войска', '.', 'Войско', 'это', 'было', 'составлено', 'из', 'белых', ',', 'косых', 'линий', ',', 'наполнявших', 'воздух', 'подобно', 'тем', 'паутинам', ',', 'которые', 'летают', 'осенью', 'и', 'которые', 'Десаль', 'называл', 'le', 'fil', 'de', 'la', 'Vierge', '.', 'Впереди', 'была', 'слава', ',', 'такая', 'же', 'как', 'и', 'эти', 'нити', ',', 'но', 'только', 'несколько', 'плотнее', '.', '—', 'Они', '—', 'он', 'и', 'Пьер', '—', 'неслись', 'легко', 'и', 'радостно', 'всё', 'ближе', 'и', 'ближе', 'к', 'цели', '.', 'Вдруг', 'нити', ',', 'которые', 'двигали', 'их', ',', 'стали', 'ослабевать', ',', 'путаться', ';', 'стало', 'тяжело', '.', 'И', 'дядя', 'Николай', 'Ильич', 'остановился', 'перед', 'ними', 'в', 'грозной', 'и', 'строгой', 'позе', '.']","['ru', 'ru', 'ru', 'ru', 'ru', '', 'ru', 'ru', 'ru', 'ru', '', 'ru', 'ru', 'ru', '', 'ru', 'ru', '', 'ru', 'ru', '', 'ru', 'ru', 'ru', '', 'ru', 'ru', 'ru', 'ru', 'ru', 'ru', 'ru', 'ru', '', '', 'ru', 'ru', 'ru', 'ru', 'ru', 'ru', 'ru', 'ru', 'ru', 'ru', 'ru', 'ru', 'ru', 'ru', 'ru', '', 'ru', '', 'ru', 'ru', 'ru', '', 'ru', 'ru', 'ru', '', 'ru', 'ru', '', 'ru', 'ru', '', 'ru', 'ru', 'ru', 'ru', 'ru', 'ru', 'ru', 'ru', '', 'ru', 'ru', 'ru', 'ru', '', 'ru', 'ru', 'ru', 'ru', 'ru', 'ru', 'ru', 'ru', 'ru', '', 'ru', '', 'ru', 'ru', 'ru', 'ru', 'ru', 'ru', '', 'ru', 'ru', 'ru', 'ru', 'ru', 'ru', 'ru', 'ru', '', 'ru', 'ru', 'ru', 'ru', 'ru', 'ru', '', 'ru', 'ru', '', 'ru', 'ru', 'ru', 'ru', 'ru', '', 'ru', 'ru', 'ru', 'ru', 'ru', 'ru', 'ru', 'non-ru', 'non-ru', 'non-ru', 'non-ru', 'non-ru', '', 'ru', 'ru', 'ru', '', 'ru', 'ru', 'ru', 'ru', 'ru', 'ru', '', 'ru', 'ru', 'ru', 'ru', '', '', 'ru', '', 'ru', 'ru', 'ru', '', 'ru', 'ru', 'ru', 'ru', 'ru', 'ru', 'ru', 'ru', 'ru', 'ru', '', 'ru', 'ru', '', 'ru', 'ru', 'ru', '', 'ru', 'ru', '', 'ru', '', 'ru', 'ru', '', 'ru', 'ru', 'ru', 'ru', 'ru', 'ru', 'ru', 'ru', 'ru', 'ru', 'ru', 'ru', '']",2,0,1
41,Эпилог,1,16,"['—', 'Etes', '-', 'vous', 'indisposé', '?', '—', 'послышался', 'голос', 'Десаля', '.']","['', 'non-ru', '', 'non-ru', 'non-ru', '', '', 'ru', 'ru', 'ru', '']",1,0,1
42,Эпилог,1,16,"['—', 'Non', ',', '—', 'отвечал', 'Николинька', 'и', 'лег', 'на', 'подушку', '.', '«', 'Он', 'добрый', 'и', 'хороший', ',', 'я', 'люблю', 'его', '»', ',', 'думал', 'он', 'о', 'Десале', '.', '«', 'А', 'дядя', 'Пьер', '!', 'О', ',', 'какой', 'чудный', 'человек', '!', 'А', 'отец', '?', 'Отец', '!', 'Отец', '!', 'Да', ',', 'я', 'сделаю', 'то', ',', 'чем', 'бы', 'даже', 'он', 'был', 'доволен', '...', '»']","['', 'non-ru', '', '', 'ru', 'ru', 'ru', 'ru', 'ru', 'ru', '', '', 'ru', 'ru', 'ru', 'ru', '', 'ru', 'ru', 'ru', '', '', 'ru', 'ru', 'ru', 'ru', '', '', 'ru', 'ru', 'ru', '', 'ru', '', 'ru', 'ru', 'ru', '', 'ru', 'ru', '', 'ru', '', 'ru', '', 'ru', '', 'ru', 'ru', 'ru', '', 'ru', 'ru', 'ru', 'ru', 'ru', 'ru', '', '']",1,0,1
43,Эпилог,2,0,"['«', 'Людовик', 'XIV', 'был', 'очень', 'гордый', 'и', 'самонадеянный', 'человек', ';', 'у', 'него', 'были', 'такие', '-', 'то', 'любовницы', 'и', 'такие', '-', 'то', 'министры', ',', 'и', 'он', 'дурно', 'управлял', 'Францией', '.', 'Наследники', 'Людовика', 'тоже', 'были', 'слабые', 'люди', 'и', 'тоже', 'дурно', 'управляли', 'Францией', '.', 'И', 'у', 'них', 'были', 'такие', '-', 'то', 'любимцы', 'и', 'такие', '-', 'то', 'любовницы', '.', 'Притом', ',', 'некоторые', 'люди', 'писали', 'в', 'это', 'время', 'книжки', '.', 'В', 'конце', 'ХVІІІ', '-', 'го', 'столетия', ',', 'в', 'Париже', 'собралось', 'десятка', 'два', 'людей', ',', 'которые', 'стали', 'говорить', 'о', 'том', ',', 'что', 'все', 'люди', 'равны', 'и', 'свободны', '.', 'От', 'этого', 'во', 'всей', 'Франции', 'люди', 'стали', 'резать', 'и', 'топить', 'друг', 'друга', '.', 'Люди', 'эти', 'убили', 'короля', 'и', 'еще', 'многих', '.', 'В', 'это', 'же', 'время', 'во', 'Франции', 'был', 'гениальный', 'человек', '—', 'Наполеон', '.', 'Он', 'везде', 'всех', 'побеждал', ',', 'т', '.', 'е', '.', 'убивал', 'много', 'людей', ',', 'потому', 'что', 'он', 'был', 'очень', 'гениален', '.', 'И', 'он', 'поехал', 'убивать', 'для', 'чего', '-', 'то', 'африканцев', ',', 'и', 'так', 'хорошо', 'их', 'убивал', 'и', 'был', 'такой', 'хитрый', 'и', 'умный', ',', 'что', ',', 'приехав', 'во', 'Францию', ',', 'велел', 'всем', 'себе', 'повиноваться', '.', 'И', 'все', 'повиновались', 'ему', '.', 'Сделавшись', 'императором', ',', 'он', 'опять', 'пошел', 'убивать', 'народ', 'в', 'Италии', ',', 'Австрии', 'и', 'Пруссии', '.', 'И', 'там', 'много', 'убил', '.', 'В', 'России', 'же', 'был', 'император', 'Александр', ',', 'который', 'решился', 'восстановить', 'порядок', 'в', 'Европе', 'и', 'потому', 'воевал', 'с', 'Наполеоном', '.', 'Но', 'в', '7-м', 'году', 'он', 'вдруг', 'подружился', 'с', 'ним', ',', 'а', 'в', '11-м', 'опять', 'поссорился', ',', 'и', 'опять', 'они', 'стали', 'убивать', 'много', 'народу', '.', 'И', 'Наполеон', 'привел', '600', 'тысяч', 'человек', 'в', 'Россию', 'и', 'завоевал', 'Москву', ';', 'а', 'потом', 'он', 'вдруг', 'убежал', 'из', 'Москвы', ',', 'и', 'тогда', 'император', 'Александр', ',', 'с', 'помощью', 'советов', 'Штейна', 'и', 'других', ',', 'соединил', 'Европу', 'для', 'ополчения', 'против', 'нарушителя', 'ее', 'спокойствия', '.', 'Все', 'союзники', 'Наполеона', 'сделались', 'вдруг', 'его', 'врагами', ';', 'и', 'это', 'ополчение', 'пошло', 'против', 'собравшего', 'новые', 'силы', 'Наполеона', '.', 'Союзники', 'победили', 'Наполеона', ',', 'вступили', 'в', 'Париж', ',', 'заставили', 'Наполеона', 'отречься', 'от', 'престола', 'и', 'послали', 'его', 'на', 'остров', 'Эльбу', ',', 'не', 'лишая', 'его', 'сана', 'императора', 'и', 'оказывая', 'ему', 'всякое', 'уважение', ',', 'несмотря', 'на', 'то', ',', 'что', 'пять', 'лет', 'тому', 'назад', ',', 'и', 'год', 'после', 'этого', ',', 'все', 'его', 'считали', 'разбойником', 'вне', 'закона', '.', 'А', 'царствовать', 'стал', 'Людовик', 'XVIII', ',', 'над', 'которым', 'до', 'тех', 'пор', 'и', 'французы', ',', 'и', 'союзники', 'только', 'смеялись', '.', 'Наполеон', 'же', ',', 'проливая', 'слезы', 'перед', 'старою', 'гвардией', ',', 'отрекся', 'от', 'престола', 'и', 'поехал', 'в', 'изгнание', '.', 'Потом', 'искусные', ',', 'государственные', 'люди', 'и', 'дипломаты', '(', 'в', 'особенности', 'Талейран', ',', 'успевший', 'сесть', 'прежде', 'другого', 'на', 'известное', 'кресло', 'и', 'тем', 'увеличивший', 'границы', 'Франции', ')', ',', 'разговаривали', 'в', 'Вене', 'и', 'этим', 'разговором', 'делали', 'народы', 'счастливыми', 'или', 'несчастливыми', '.', 'Вдруг', 'дипломаты', 'и', 'монархи', 'чуть', 'было', 'не', 'поссорились', ';', 'они', 'уже', 'готовы', 'были', 'опять', 'велеть', 'своим', 'войскам', 'убивать', 'друг', 'друга', ';', 'но', 'в', 'это', 'время', 'Наполеон', 'с', 'батальоном', 'приехал', 'во', 'Францию', ',', 'и', 'французы', ',', 'ненавидевшие', 'его', ',', 'тотчас', 'же', 'все', 'ему', 'покорились', '.', 'Но', 'союзные', 'монархи', 'за', 'это', 'рассердились', 'и', 'пошли', 'опять', 'воевать', 'с', 'французами', '.', 'И', 'гениального', 'Наполеона', 'победили', 'и', 'повезли', 'на', 'остров', 'Елены', ',', 'вдруг', 'признав', 'его', 'разбойником', '.', 'И', 'там', 'изгнанник', ',', 'разлученный', 'с', 'милыми', 'сердцу', 'и', 'с', 'любимою', 'им', 'Францией', ',', 'умирал', 'на', 'скале', ',', 'медленною', 'смертью', ',', 'и', 'передал', 'свои', 'великие', 'деяния', 'потомству', '.', 'А', 'в', 'Европе', 'произошла', 'реакция', ',', 'и', 'все', 'государи', 'стали', 'опять', 'обижать', 'свои', 'народы', '»', '.']","['', 'ru', 'non-ru', 'ru', 'ru', 'ru', 'ru', 'ru', 'ru', '', 'ru', 'ru', 'ru', 'ru', '', 'ru', 'ru', 'ru', 'ru', '', 'ru', 'ru', '', 'ru', 'ru', 'ru', 'ru', 'ru', '', 'ru', 'ru', 'ru', 'ru', 'ru', 'ru', 'ru', 'ru', 'ru', 'ru', 'ru', '', 'ru', 'ru', 'ru', 'ru', 'ru', '', 'ru', 'ru', 'ru', 'ru', '', 'ru', 'ru', '', 'ru', '', 'ru', 'ru', 'ru', 'ru', 'ru', 'ru', 'ru', '', 'ru', 'ru', 'ru', '', 'ru', 'ru', '', 'ru', 'ru', 'ru', 'ru', 'ru', 'ru', '', 'ru', 'ru', 'ru', 'ru', 'ru', '', 'ru', 'ru', 'ru', 'ru', 'ru', 'ru', '', 'ru', 'ru', 'ru', 'ru', 'ru', 'ru', 'ru', 'ru', 'ru', 'ru', 'ru', 'ru', '', 'ru', 'ru', 'ru', 'ru', 'ru', 'ru', 'ru', '', 'ru', 'ru', 'ru', 'ru', 'ru', 'ru', 'ru', 'ru', 'ru', '', 'ru', '', 'ru', 'ru', 'ru', 'ru', '', 'ru', '', 'ru', '', 'ru', 'ru', 'ru', '', 'ru', 'ru', 'ru', 'ru', 'ru', 'ru', '', 'ru', 'ru', 'ru', 'ru', 'ru', 'ru', '', 'ru', 'ru', '', 'ru', 'ru', 'ru', 'ru', 'ru', 'ru', 'ru', 'ru', 'ru', 'ru', 'ru', '', 'ru', '', 'ru', 'ru', 'ru', '', 'ru', 'ru', 'ru', 'ru', '', 'ru', 'ru', 'ru', 'ru', '', 'ru', 'ru', '', 'ru', 'ru', 'ru', 'ru', 'ru', 'ru', 'ru', '', 'ru', 'ru', 'ru', '', 'ru', 'ru', 'ru', 'ru', '', 'ru', 'ru', 'ru', 'ru', 'ru', 'ru', '', 'ru', 'ru', 'ru', 'ru', 'ru', 'ru', 'ru', 'ru', 'ru', 'ru', 'ru', '', 'ru', 'ru', 'ru', 'ru', 'ru', 'ru', 'ru', 'ru', 'ru', '', 'ru', 'ru', 'ru', 'ru', 'ru', '', 'ru', 'ru', 'ru', 'ru', 'ru', 'ru', 'ru', '', 'ru', 'ru', 'ru', '', 'ru', 'ru', 'ru', 'ru', 'ru', 'ru', 'ru', '', 'ru', 'ru', 'ru', 'ru', 'ru', 'ru', 'ru', '', 'ru', 'ru', 'ru', 'ru', '', 'ru', 'ru', 'ru', 'ru', 'ru', 'ru', '', 'ru', 'ru', 'ru', 'ru', 'ru', 'ru', 'ru', 'ru', '', 'ru', 'ru', 'ru', 'ru', 'ru', 'ru', 'ru', '', 'ru', 'ru', 'ru', 'ru', 'ru', 'ru', 'ru', 'ru', 'ru', '', 'ru', 'ru', 'ru', '', 'ru', 'ru', 'ru', '', 'ru', 'ru', 'ru', 'ru', 'ru', 'ru', 'ru', 'ru', 'ru', 'ru', 'ru', '', 'ru', 'ru', 'ru', 'ru', 'ru', 'ru', 'ru', 'ru', 'ru', 'ru', '', 'ru', 'ru', 'ru', '', 'ru', 'ru', 'ru', 'ru', 'ru', '', 'ru', 'ru', 'ru', 'ru', '', 'ru', 'ru', 'ru', 'ru', 'ru', 'ru', '', 'ru', 'ru', 'ru', 'ru', 'non-ru', '', 'ru', 'ru', 'ru', 'ru', 'ru', 'ru', 'ru', '', 'ru', 'ru', 'ru', 'ru', '', 'ru', 'ru', '', 'ru', 'ru', 'ru', 'ru', 'ru', '', 'ru', 'ru', 'ru', 'ru', 'ru', 'ru', 'ru', '', 'ru', 'ru', '', 'ru', 'ru', 'ru', 'ru', '', 'ru', 'ru', 'ru', '', 'ru', 'ru', 'ru', 'ru', 'ru', 'ru', 'ru', 'ru', 'ru', 'ru', 'ru', 'ru', '', '', 'ru', 'ru', 'ru', 'ru', 'ru', 'ru', 'ru', 'ru', 'ru', 'ru', 'ru', '', 'ru', 'ru', 'ru', 'ru', 'ru', 'ru', 'ru', 'ru', '', 'ru', 'ru', 'ru', 'ru', 'ru', 'ru', 'ru', 'ru', 'ru', 'ru', 'ru', '', 'ru', 'ru', 'ru', 'ru', 'ru', 'ru', 'ru', 'ru', 'ru', 'ru', '', 'ru', 'ru', '', 'ru', 'ru', '', 'ru', 'ru', 'ru', 'ru', 'ru', '', 'ru', 'ru', 'ru', 'ru', 'ru', 'ru', 'ru', 'ru', 'ru', 'ru', 'ru', 'ru', '', 'ru', 'ru', 'ru', 'ru', 'ru', 'ru', 'ru', 'ru', 'ru', '', 'ru', 'ru', 'ru', 'ru', '', 'ru', 'ru', 'ru', '', 'ru', 'ru', 'ru', 'ru', 'ru', 'ru', 'ru', 'ru', 'ru', '', 'ru', 'ru', 'ru', '', 'ru', 'ru', '', 'ru', 'ru', 'ru', 'ru', 'ru', 'ru', '', 'ru', 'ru', 'ru', 'ru', 'ru', '', 'ru', 'ru', 'ru', 'ru', 'ru', 'ru', 'ru', 'ru', '', '']",4,0,3
44,Эпилог,2,0,"['Если', 'цель', 'истории', 'есть', 'описание', 'движения', 'человечества', 'и', 'народов', ',', 'то', 'первый', 'вопрос', ',', 'без', 'ответа', 'на', 'который', 'всё', 'остальное', 'непонятно', ',', '—', 'следующий', ':', 'какая', 'сила', 'движет', 'народами', '?', 'На', 'этот', 'вопрос', 'новая', 'история', 'озабоченно', 'рассказывает', 'или', 'то', ',', 'что', 'Наполеон', 'был', 'очень', 'гениален', ',', 'или', 'то', ',', 'что', 'Людовик', 'XIV', 'был', 'очень', 'горд', ',', 'или', 'еще', 'то', ',', 'что', 'такие', '-', 'то', 'писатели', 'написали', 'такие', '-', 'то', 'книжки', '.']","['ru', 'ru', 'ru', 'ru', 'ru', 'ru', 'ru', 'ru', 'ru', '', 'ru', 'ru', 'ru', '', 'ru', 'ru', 'ru', 'ru', 'ru', 'ru', 'ru', '', '', 'ru', '', 'ru', 'ru', 'ru', 'ru', '', 'ru', 'ru', 'ru', 'ru', 'ru', 'ru', 'ru', 'ru', 'ru', '', 'ru', 'ru', 'ru', 'ru', 'ru', '', 'ru', 'ru', '', 'ru', 'ru', 'non-ru', 'ru', 'ru', 'ru', '', 'ru', 'ru', 'ru', '', 'ru', 'ru', '', 'ru', 'ru', 'ru', 'ru', '', 'ru', 'ru', '']",2,0,1
45,Эпилог,2,1,"['Частные', 'историки', 'биографические', 'и', 'историки', 'отдельных', 'народов', 'понимают', 'эту', 'силу', ',', 'как', 'власть', ',', 'присущую', 'героям', 'и', 'владыкам', '.', 'По', 'их', 'описаниям', ',', 'события', 'производятся', 'исключительно', 'волей', 'Наполеонов', ',', 'Александров', 'или', 'вообще', 'тех', 'лиц', ',', 'которые', 'описывает', 'частный', 'историк', '.', 'Ответы', ',', 'даваемые', 'этого', 'рода', 'историками', 'на', 'вопрос', 'о', 'той', 'силе', ',', 'которая', 'движет', 'событиями', ',', 'удовлетворительны', ',', 'но', 'только', 'до', 'тех', 'пор', ',', 'пока', 'существует', 'один', 'историк', 'по', 'каждому', 'событию', '.', 'Но', 'как', 'скоро', 'историки', 'различных', 'национальностей', 'и', 'воззрений', 'начинают', 'описывать', 'одно', 'и', 'то', 'же', 'событие', ',', 'то', 'ответы', ',', 'ими', 'даваемые', ',', 'тотчас', 'же', 'теряют', 'весь', 'смысл', ',', 'ибо', 'сила', 'эта', 'понимается', 'каждым', 'из', 'них', 'не', 'только', 'различно', ',', 'но', 'часто', 'совершенно', 'противоположно', '.', 'Один', 'историк', 'утверждает', ',', 'что', 'событие', 'произведено', 'властью', 'Наполеона', ';', 'другой', 'утверждает', ',', 'что', 'оно', 'произведено', 'властью', 'Александра', ';', 'третий', ',', '—', 'что', 'властью', 'какого', '-', 'нибудь', 'третьего', 'лица', '.', 'Кроме', 'того', ',', 'историки', 'этого', 'рода', 'противоречат', 'один', 'другому', 'даже', 'и', 'в', 'объяснениях', 'той', 'силы', ',', 'на', 'которой', 'основана', 'власть', 'одного', 'и', 'того', 'же', 'лица', '.', 'Тьер', ',', 'бонапартист', ',', 'говорит', ',', 'что', 'власть', 'Наполеона', 'была', 'основана', 'на', 'его', 'добродетели', 'и', 'гениальности', ';', 'Lanfrey', ',', 'республиканец', ',', 'говорит', ',', 'что', 'она', 'была', 'основана', 'на', 'его', 'мошенничестве', 'и', 'на', 'обмане', 'народа', '.', 'Так', 'что', 'историки', 'этого', 'рода', ',', 'взаимно', 'уничтожая', 'положения', 'друг', 'друга', ',', 'тем', 'самым', 'уничтожают', 'понятие', 'о', 'силе', ',', 'производящей', 'события', ',', 'и', 'не', 'дают', 'никакого', 'ответа', 'на', 'существенный', 'вопрос', 'истории', '.']","['ru', 'ru', 'ru', 'ru', 'ru', 'ru', 'ru', 'ru', 'ru', 'ru', '', 'ru', 'ru', '', 'ru', 'ru', 'ru', 'ru', '', 'ru', 'ru', 'ru', '', 'ru', 'ru', 'ru', 'ru', 'ru', '', 'ru', 'ru', 'ru', 'ru', 'ru', '', 'ru', 'ru', 'ru', 'ru', '', 'ru', '', 'ru', 'ru', 'ru', 'ru', 'ru', 'ru', 'ru', 'ru', 'ru', '', 'ru', 'ru', 'ru', '', 'ru', '', 'ru', 'ru', 'ru', 'ru', 'ru', '', 'ru', 'ru', 'ru', 'ru', 'ru', 'ru', 'ru', '', 'ru', 'ru', 'ru', 'ru', 'ru', 'ru', 'ru', 'ru', 'ru', 'ru', 'ru', 'ru', 'ru', 'ru', 'ru', '', 'ru', 'ru', '', 'ru', 'ru', '', 'ru', 'ru', 'ru', 'ru', 'ru', '', 'ru', 'ru', 'ru', 'ru', 'ru', 'ru', 'ru', 'ru', 'ru', 'ru', '', 'ru', 'ru', 'ru', 'ru', '', 'ru', 'ru', 'ru', '', 'ru', 'ru', 'ru', 'ru', 'ru', '', 'ru', 'ru', '', 'ru', 'ru', 'ru', 'ru', 'ru', '', 'ru', '', '', 'ru', 'ru', 'ru', '', 'ru', 'ru', 'ru', '', 'ru', 'ru', '', 'ru', 'ru', 'ru', 'ru', 'ru', 'ru', 'ru', 'ru', 'ru', 'ru', 'ru', 'ru', '', 'ru', 'ru', 'ru', 'ru', 'ru', 'ru', 'ru', 'ru', 'ru', '', 'ru', '', 'ru', '', 'ru', '', 'ru', 'ru', 'ru', 'ru', 'ru', 'ru', 'ru', 'ru', 'ru', 'ru', '', 'non-ru', '', 'ru', '', 'ru', '', 'ru', 'ru', 'ru', 'ru', 'ru', 'ru', 'ru', 'ru', 'ru', 'ru', 'ru', '', 'ru', 'ru', 'ru', 'ru', 'ru', '', 'ru', 'ru', 'ru', 'ru', 'ru', '', 'ru', 'ru', 'ru', 'ru', 'ru', 'ru', '', 'ru', 'ru', '', 'ru', 'ru', 'ru', 'ru', 'ru', 'ru', 'ru', 'ru', 'ru', '']",2,0,1
46,Эпилог,2,1,"['Частный', 'историк', ',', 'описывая', 'поход', 'ли', '13-го', 'года', ',', 'или', 'восстановление', 'Бурбонов', ',', 'прямо', 'говорит', ',', 'что', 'события', 'эти', 'произведены', 'волей', 'Александра', '.', 'Но', 'общий', 'историк', 'Гервинус', ',', 'опровергая', 'это', 'воззрение', 'частного', 'историка', ',', 'стремится', 'показать', ',', 'что', 'поход', '13-го', 'года', 'и', 'восстановление', 'Бурбонов', ',', 'кроме', 'воли', 'Александра', ',', 'имели', 'причинами', 'деятельность', 'Штейна', ',', 'Метерниха', ',', 'm', '-', 'me', 'Staël', ',', 'Талейрана', ',', 'Фихте', ',', 'Шатобриана', 'и', 'других', '.', 'Историк', 'очевидно', 'разложил', 'власть', 'Александра', 'на', 'составные', ':', 'Талейрана', ',', 'Шатобриана', ',', 'и', 'т', '.', 'д', '.', ';', 'сумма', 'этих', 'составных', ',', 'т', '.', 'е', '.', 'действие', 'Шатобриана', ',', 'Талейрана', ',', 'm', '-', 'me', 'Staël', 'и', 'других', ',', 'очевидно', 'не', 'равняется', 'всей', 'равнодействующей', ',', 'т', '.', 'е', '.', 'тому', 'явлению', ',', 'что', 'миллионы', 'французов', 'покорились', 'Бурбонам', '.', 'И', 'потому', ',', 'чтоб', 'объяснить', ',', 'каким', 'образом', 'из', 'этих', 'составных', 'вытекло', 'покорение', 'миллионов', ',', 'т', '.', 'е', '.', 'из', 'составных', ',', 'равных', 'одному', 'А', ',', 'вытекла', 'равнодействующая', ',', 'равная', 'тысяче', 'А', ',', 'историк', 'необходимо', 'должен', 'допустить', 'опять', 'ту', 'же', 'силу', 'власти', ',', 'которую', 'он', 'отрицает', ',', 'признавая', 'ее', 'результатом', 'сил', ',', 'т', '.', 'е', '.', 'он', 'должен', 'допустить', 'необъясненную', 'силу', ',', 'действующую', 'по', 'составной', '.', 'Это', 'самое', 'и', 'делают', 'общие', 'историки', '.', 'И', 'вследствие', 'того', 'не', 'только', 'противоречат', 'частным', 'историкам', ',', 'но', 'и', 'сами', 'себе', '.']","['ru', 'ru', '', 'ru', 'ru', 'ru', 'ru', 'ru', '', 'ru', 'ru', 'ru', '', 'ru', 'ru', '', 'ru', 'ru', 'ru', 'ru', 'ru', 'ru', '', 'ru', 'ru', 'ru', 'ru', '', 'ru', 'ru', 'ru', 'ru', 'ru', '', 'ru', 'ru', '', 'ru', 'ru', 'ru', 'ru', 'ru', 'ru', 'ru', '', 'ru', 'ru', 'ru', '', 'ru', 'ru', 'ru', 'ru', '', 'ru', '', 'non-ru', '', 'non-ru', 'non-ru', '', 'ru', '', 'ru', '', 'ru', 'ru', 'ru', '', 'ru', 'ru', 'ru', 'ru', 'ru', 'ru', 'ru', '', 'ru', '', 'ru', '', 'ru', 'ru', '', 'ru', '', '', 'ru', 'ru', 'ru', '', 'ru', '', 'ru', '', 'ru', 'ru', '', 'ru', '', 'non-ru', '', 'non-ru', 'non-ru', 'ru', 'ru', '', 'ru', 'ru', 'ru', 'ru', 'ru', '', 'ru', '', 'ru', '', 'ru', 'ru', '', 'ru', 'ru', 'ru', 'ru', 'ru', '', 'ru', 'ru', '', 'ru', 'ru', '', 'ru', 'ru', 'ru', 'ru', 'ru', 'ru', 'ru', 'ru', '', 'ru', '', 'ru', '', 'ru', 'ru', '', 'ru', 'ru', 'ru', '', 'ru', 'ru', '', 'ru', 'ru', 'ru', '', 'ru', 'ru', 'ru', 'ru', 'ru', 'ru', 'ru', 'ru', 'ru', '', 'ru', 'ru', 'ru', '', 'ru', 'ru', 'ru', 'ru', '', 'ru', '', 'ru', '', 'ru', 'ru', 'ru', 'ru', 'ru', '', 'ru', 'ru', 'ru', '', 'ru', 'ru', 'ru', 'ru', 'ru', 'ru', '', 'ru', 'ru', 'ru', 'ru', 'ru', 'ru', 'ru', 'ru', '', 'ru', 'ru', 'ru', 'ru', '']",4,0,2
47,Эпилог,2,1,"['Но', 'допустив', 'даже', ',', 'что', 'справедливы', 'все', 'хитросплетенные', 'рассуждения', ',', 'которыми', 'наполнены', 'эти', 'истории', ';', 'допустив', ',', 'что', 'народы', 'управляются', 'какою', '-', 'то', 'неопределимою', 'силой', ',', 'называемою', 'идеей', ',', '—', 'существенный', 'вопрос', 'истории', 'всё', '-', 'таки', 'или', 'остается', 'без', 'ответа', ',', 'или', 'к', 'прежней', 'власти', 'монархов', 'и', 'к', 'вводимому', 'общими', 'историками', 'влиянию', 'советчиков', 'и', 'других', 'лиц', 'присоединяется', 'еще', 'новая', 'сила', 'идеи', ',', 'связь', 'которой', 'с', 'массами', 'требует', 'объяснения', '.', 'Возможно', 'понять', ',', 'что', 'Наполеон', 'имел', 'власть', ',', 'и', 'потому', 'совершилось', 'событие', ';', 'с', 'некоторою', 'уступчивостью', 'можно', 'еще', 'понять', ',', 'что', 'Наполеон', ',', 'вместе', 'с', 'другими', 'влияниями', ',', 'был', 'причиной', 'события', ';', 'но', 'каким', 'образом', 'книга', 'Contrat', 'Social', 'сделала', 'то', ',', 'что', 'французы', 'стали', 'топить', 'друг', 'друга', ',', '—', 'не', 'может', 'быть', 'понято', 'без', 'объяснения', 'причинной', 'связи', 'этой', 'новой', 'силы', 'с', 'событием', '.']","['ru', 'ru', 'ru', '', 'ru', 'ru', 'ru', 'ru', 'ru', '', 'ru', 'ru', 'ru', 'ru', '', 'ru', '', 'ru', 'ru', 'ru', 'ru', '', 'ru', 'ru', 'ru', '', 'ru', 'ru', '', '', 'ru', 'ru', 'ru', 'ru', '', 'ru', 'ru', 'ru', 'ru', 'ru', '', 'ru', 'ru', 'ru', 'ru', 'ru', 'ru', 'ru', 'ru', 'ru', 'ru', 'ru', 'ru', 'ru', 'ru', 'ru', 'ru', 'ru', 'ru', 'ru', 'ru', '', 'ru', 'ru', 'ru', 'ru', 'ru', 'ru', '', 'ru', 'ru', '', 'ru', 'ru', 'ru', 'ru', '', 'ru', 'ru', 'ru', 'ru', '', 'ru', 'ru', 'ru', 'ru', 'ru', 'ru', '', 'ru', 'ru', '', 'ru', 'ru', 'ru', 'ru', '', 'ru', 'ru', 'ru', '', 'ru', 'ru', 'ru', 'ru', 'non-ru', 'non-ru', 'ru', 'ru', '', 'ru', 'ru', 'ru', 'ru', 'ru', 'ru', '', '', 'ru', 'ru', 'ru', 'ru', 'ru', 'ru', 'ru', 'ru', 'ru', 'ru', 'ru', 'ru', 'ru', '']",2,0,1
48,Эпилог,2,3,"['Если', 'власть', 'есть', 'перенесенная', 'на', 'правителя', 'совокупность', 'воль', ',', 'то', 'Пугачев', 'есть', 'ли', 'представитель', 'воль', 'масс', '?', 'Если', 'не', 'есть', ',', 'то', 'почему', 'Наполеон', 'I', 'есть', 'представитель', '?', 'Почему', 'Наполеон', 'III', ',', 'когда', 'его', 'поймали', 'в', 'Булони', ',', 'был', 'преступник', ',', 'а', 'потом', 'были', 'преступники', 'те', ',', 'которых', 'он', 'поймал', '?']","['ru', 'ru', 'ru', 'ru', 'ru', 'ru', 'ru', 'ru', '', 'ru', 'ru', 'ru', 'ru', 'ru', 'ru', 'ru', '', 'ru', 'ru', 'ru', '', 'ru', 'ru', 'ru', 'non-ru', 'ru', 'ru', '', 'ru', 'ru', 'non-ru', '', 'ru', 'ru', 'ru', 'ru', 'ru', '', 'ru', 'ru', '', 'ru', 'ru', 'ru', 'ru', 'ru', '', 'ru', 'ru', 'ru', '']",4,0,2
49,Эпилог,2,3,"['Каждому', 'историку', ',', 'смотря', 'по', 'его', 'взгляду', 'на', 'то', ',', 'чтó', 'составляет', 'цель', 'движения', 'народа', ',', 'представляются', 'эти', 'условия', 'в', 'величии', ',', 'богатстве', ',', 'свободе', ',', 'просвещении', 'граждан', 'Франции', 'или', 'другого', 'государства', '.', 'Но', 'не', 'говоря', 'уже', 'о', 'противоречии', 'историков', 'относительно', 'этих', 'условий', ';', 'допустив', 'даже', ',', 'что', 'существует', 'одна', 'общая', 'всем', 'программа', 'этих', 'условий', ',', 'мы', 'найдем', ',', 'что', 'исторические', 'факты', 'почти', 'всегда', 'противоречат', 'этой', 'теории', '.', 'Если', 'условия', ',', 'под', 'которыми', 'передается', 'власть', ',', 'состоят', 'в', 'богатстве', ',', 'свободе', ',', 'просвещении', 'народа', ',', 'то', 'почему', 'Людовики', 'ХІV', '-', 'е', 'и', 'Иоанны', 'ІV', '-', 'е', 'спокойно', 'доживают', 'свои', 'царствования', ',', 'а', 'Людовики', 'ХVІ', '-', 'е', 'и', 'Карлы', 'І', '-', 'е', 'казнятся', 'народами', '?', 'На', 'этот', 'вопрос', 'историки', 'эти', 'отвечают', 'тем', ',', 'что', 'деятельность', 'Людовика', 'ХІV', '-', 'го', ',', 'противная', 'программе', ',', 'отразилась', 'на', 'Людовике', 'ХVІ', '-', 'м', '.', 'Но', 'почему', 'же', 'она', 'не', 'отразилась', 'на', 'Людовике', 'XIV', 'и', 'XV', ',', 'почему', 'именно', 'она', 'должна', 'была', 'отразиться', 'на', 'Людовике', 'XVI', '?', 'И', 'какой', 'срок', 'этого', 'отражения', '?', '—', 'На', 'эти', 'вопросы', 'нет', 'и', 'не', 'может', 'быть', 'ответов', '.', 'Так', 'же', 'мало', 'объясняется', 'при', 'этом', 'воззрении', 'причина', 'того', ',', 'что', 'совокупность', 'воль', 'несколько', 'веков', 'остается', 'в', 'руках', 'правителей', 'и', 'их', 'наследников', ',', 'а', 'потом', 'вдруг', ',', 'в', 'продолжение', '50', 'лет', ',', 'переносится', 'на', 'Конвент', ',', 'на', 'Директорию', ',', 'на', 'Наполеона', ',', 'на', 'Александра', ',', 'на', 'Людовика', 'XVIII', ',', 'опять', 'на', 'Наполеона', ',', 'на', 'Карла', 'X', ',', 'на', 'Людовика', 'Филиппа', ',', 'на', 'республиканское', 'правительство', ',', 'на', 'Наполеона', 'III', '.', 'При', 'объяснении', 'этих', 'быстро', 'совершающихся', 'перенесений', 'воль', 'с', 'одного', 'лица', 'на', 'другое', 'и', 'в', 'особенности', 'при', 'международных', 'отношениях', ',', 'завоеваниях', 'и', 'союзах', ',', 'историки', 'эти', 'невольно', 'должны', 'признать', ',', 'что', 'часть', 'этих', 'явлений', 'уже', 'не', 'суть', 'правильные', 'перенесения', 'воль', ',', 'а', 'случайности', ',', 'зависящие', 'то', 'от', 'хитрости', ',', 'то', 'от', 'ошибки', ',', 'или', 'коварства', ',', 'или', 'слабости', 'дипломата', ',', 'или', 'монарха', ',', 'или', 'руководителя', 'партии', '.', 'Так', 'что', '.', 'бòльшая', 'часть', 'явлений', 'истории', '—', 'междоусобия', ',', 'революции', ',', 'завоевания', 'представляются', 'этими', 'историками', 'уже', 'не', 'произведениями', 'перенесения', 'свободных', 'воль', ',', 'а', 'произведением', 'ложно', 'направленной', 'воли', 'одного', 'или', 'нескольких', 'людей', ',', 'т', '.', 'е', '.', 'опять', 'нарушениями', 'власти', '.', 'И', 'потому', 'исторические', 'события', 'и', 'этого', 'рода', 'историками', 'представляются', 'отступлениями', 'от', 'теории', '.']","['ru', 'ru', '', 'ru', 'ru', 'ru', 'ru', 'ru', 'ru', '', 'ru', 'ru', 'ru', 'ru', 'ru', '', 'ru', 'ru', 'ru', 'ru', 'ru', '', 'ru', '', 'ru', '', 'ru', 'ru', 'ru', 'ru', 'ru', 'ru', '', 'ru', 'ru', 'ru', 'ru', 'ru', 'ru', 'ru', 'ru', 'ru', 'ru', '', 'ru', 'ru', '', 'ru', 'ru', 'ru', 'ru', 'ru', 'ru', 'ru', 'ru', '', 'ru', 'ru', '', 'ru', 'ru', 'ru', 'ru', 'ru', 'ru', 'ru', 'ru', '', 'ru', 'ru', '', 'ru', 'ru', 'ru', 'ru', '', 'ru', 'ru', 'ru', '', 'ru', '', 'ru', 'ru', '', 'ru', 'ru', 'ru', 'ru', '', 'ru', 'ru', 'ru', 'non-ru', '', 'ru', 'ru', 'ru', 'ru', 'ru', '', 'ru', 'ru', 'ru', '', 'ru', 'ru', 'ru', '', '', 'ru', 'ru', 'ru', '', 'ru', 'ru', 'ru', 'ru', 'ru', 'ru', 'ru', '', 'ru', 'ru', 'ru', 'ru', '', 'ru', '', 'ru', 'ru', '', 'ru', 'ru', 'ru', 'ru', '', 'ru', '', 'ru', 'ru', 'ru', 'ru', 'ru', 'ru', 'ru', 'ru', 'non-ru', 'ru', 'non-ru', '', 'ru', 'ru', 'ru', 'ru', 'ru', 'ru', 'ru', 'ru', 'non-ru', '', 'ru', 'ru', 'ru', 'ru', 'ru', '', '', 'ru', 'ru', 'ru', 'ru', 'ru', 'ru', 'ru', 'ru', 'ru', '', 'ru', 'ru', 'ru', 'ru', 'ru', 'ru', 'ru', 'ru', 'ru', '', 'ru', 'ru', 'ru', 'ru', 'ru', 'ru', 'ru', 'ru', 'ru', 'ru', 'ru', 'ru', '', 'ru', 'ru', 'ru', '', 'ru', 'ru', '', 'ru', '', 'ru', 'ru', 'ru', '', 'ru', 'ru', '', 'ru', 'ru', '', 'ru', 'ru', '', 'ru', 'ru', 'non-ru', '', 'ru', 'ru', 'ru', '', 'ru', 'ru', 'non-ru', '', 'ru', 'ru', 'ru', '', 'ru', 'ru', 'ru', '', 'ru', 'ru', 'non-ru', '', 'ru', 'ru', 'ru', 'ru', 'ru', 'ru', 'ru', 'ru', 'ru', 'ru', 'ru', 'ru', 'ru', 'ru', 'ru', 'ru', 'ru', 'ru', '', 'ru', 'ru', 'ru', '', 'ru', 'ru', 'ru', 'ru', 'ru', '', 'ru', 'ru', 'ru', 'ru', 'ru', 'ru', 'ru', 'ru', 'ru', 'ru', '', 'ru', 'ru', '', 'ru', 'ru', 'ru', 'ru', '', 'ru', 'ru', 'ru', '', 'ru', 'ru', '', 'ru', 'ru', 'ru', '', 'ru', 'ru', '', 'ru', 'ru', 'ru', '', 'ru', 'ru', '', 'ru', 'ru', 'ru', 'ru', '', 'ru', '', 'ru', '', 'ru', 'ru', 'ru', 'ru', 'ru', 'ru', 'ru', 'ru', 'ru', 'ru', '', 'ru', 'ru', 'ru', 'ru', 'ru', 'ru', 'ru', 'ru', 'ru', '', 'ru', '', 'ru', '', 'ru', 'ru', 'ru', '', 'ru', 'ru', 'ru', 'ru', 'ru', 'ru', 'ru', 'ru', 'ru', 'ru', 'ru', 'ru', '']",14,0,4
50,Эпилог,2,3,"['История', 'на', 'каждом', 'шагу', 'доказывает', 'это', '.', 'Брожение', 'народов', 'запада', ',', 'в', 'конце', 'прошлого', 'века', ',', 'и', 'стремление', 'их', 'на', 'восток', 'объясняется', 'ли', 'деятельностью', 'Людовиков', 'XIV', '-', 'го', ',', 'XV', '-', 'го', 'и', 'XVI', '-', 'го', ',', 'их', 'любовниц', ',', 'министров', ',', 'жизнью', 'Наполеона', ',', 'Руссо', ',', 'Дидерота', ',', 'Бомарше', 'и', 'других', '?']","['ru', 'ru', 'ru', 'ru', 'ru', 'ru', '', 'ru', 'ru', 'ru', '', 'ru', 'ru', 'ru', 'ru', '', 'ru', 'ru', 'ru', 'ru', 'ru', 'ru', 'ru', 'ru', 'ru', 'non-ru', '', 'ru', '', 'non-ru', '', 'ru', 'ru', 'non-ru', '', 'ru', '', 'ru', 'ru', '', 'ru', '', 'ru', 'ru', '', 'ru', '', 'ru', '', 'ru', 'ru', 'ru', '']",6,0,1
51,Эпилог,2,3,"['Движение', 'русского', 'народа', 'на', 'восток', ',', 'в', 'Казань', 'и', 'Сибирь', ',', 'выражается', 'ли', 'в', 'подробностях', 'больного', 'характера', 'Иоанна', 'ІV', '-', 'го', 'и', 'его', 'переписки', 'с', 'Курбским', '?']","['ru', 'ru', 'ru', 'ru', 'ru', '', 'ru', 'ru', 'ru', 'ru', '', 'ru', 'ru', 'ru', 'ru', 'ru', 'ru', 'ru', 'non-ru', '', 'ru', 'ru', 'ru', 'ru', 'ru', 'ru', '']",2,0,1
52,Эпилог,2,4,"['Всегда', ',', 'когда', 'совершается', 'событие', ',', 'является', 'человек', 'или', 'люди', ',', 'по', 'воле', 'которых', 'событие', 'представляется', 'совершившимся', '.', 'Наполеон', 'III', 'предписывает', ',', 'и', 'французы', 'идут', 'в', 'Мексику', '.', 'Прусский', 'король', 'и', 'Бисмарк', 'предписывают', ',', 'и', 'войска', 'идут', 'в', 'Богемию', '.']","['ru', '', 'ru', 'ru', 'ru', '', 'ru', 'ru', 'ru', 'ru', '', 'ru', 'ru', 'ru', 'ru', 'ru', 'ru', '', 'ru', 'non-ru', 'ru', '', 'ru', 'ru', 'ru', 'ru', 'ru', '', 'ru', 'ru', 'ru', 'ru', 'ru', '', 'ru', 'ru', 'ru', 'ru', 'ru', '']",2,0,1
53,Эпилог,2,4,"['Наполеон', 'I', 'приказывает', ',', 'и', 'войска', 'идут', 'в', 'Россию', '.', 'Александр', 'I', 'приказывает', ',', 'и', 'французы', 'покоряются', 'Бурбонам', '.', 'Опыт', 'показывает', 'нам', ',', 'что', 'какое', 'бы', 'ни', 'совершилось', 'событие', ',', 'оно', 'всегда', 'связано', 'с', 'волею', 'одного', 'или', 'нескольких', 'людей', ',', 'которые', 'его', 'приказали', '.']","['ru', 'non-ru', 'ru', '', 'ru', 'ru', 'ru', 'ru', 'ru', '', 'ru', 'non-ru', 'ru', '', 'ru', 'ru', 'ru', 'ru', '', 'ru', 'ru', 'ru', '', 'ru', 'ru', 'ru', 'ru', 'ru', 'ru', '', 'ru', 'ru', 'ru', 'ru', 'ru', 'ru', 'ru', 'ru', 'ru', '', 'ru', 'ru', 'ru', '']",4,0,2
54,Эпилог,2,7,"['Души', 'и', 'свободы', 'нет', ',', 'потому', 'что', 'жизнь', 'человека', 'выражается', 'мускульными', 'движениями', ',', 'а', 'мускульные', 'движения', 'обусловливаются', 'нервною', 'деятельностью', ';', 'души', 'и', 'свободы', 'нет', ',', 'потому', 'что', 'мы', 'в', 'неизвестный', 'период', 'времени', 'произошли', 'от', 'обезьян', ',', '—', 'говорят', ',', 'пишут', 'и', 'печатают', 'они', ',', 'вовсе', 'и', 'не', 'подозревая', 'того', ',', 'что', ',', 'тысячелетия', 'тому', 'назад', ',', 'всеми', 'религиями', ',', 'всеми', 'мыслителями', 'не', 'только', 'признан', ',', 'но', 'никогда', 'и', 'не', 'был', 'отрицаем', 'тот', 'самый', 'закон', 'необходимости', ',', 'который', 'с', 'таким', 'старанием', 'они', 'стремятся', 'доказать', 'теперь', 'физиологией', 'и', 'сравнительной', 'зоологией', '.', 'Они', 'не', 'видят', 'того', ',', 'что', 'роль', 'естественных', 'наук', 'в', 'этом', 'вопросе', 'состоит', 'только', 'в', 'том', ',', 'чтобы', 'служить', 'орудием', 'для', 'освещения', 'одной', 'стороны', 'его', '.', 'Ибо', 'то', ',', 'что', 'с', 'точки', 'зрения', 'наблюдения', ',', 'разум', 'и', 'воля', 'суть', 'только', 'отделения', '(', 'sécrétion', ')', 'мозга', ',', 'и', 'то', ',', 'что', 'человек', ',', 'следуя', 'общему', 'закону', ',', 'мог', 'развиться', 'из', 'низших', 'животных', 'в', 'неизвестный', 'период', 'времени', ',', 'уясняет', 'только', 'с', 'новой', 'стороны', 'тысячелетия', 'тому', 'назад', 'признанную', 'всеми', 'религиями', 'и', 'философскими', 'теориями', ',', 'истину', 'о', 'том', ',', 'что', 'с', 'точки', 'зрения', 'разума', 'человек', 'подлежит', 'законам', 'необходимости', ',', 'но', 'ни', 'на', 'волос', 'не', 'подвигает', 'разрешение', 'вопроса', ',', 'имеющего', 'другую', ',', 'противоположную', 'сторону', ',', 'основанную', 'на', 'сознании', 'свободы', '.']","['ru', 'ru', 'ru', 'ru', '', 'ru', 'ru', 'ru', 'ru', 'ru', 'ru', 'ru', '', 'ru', 'ru', 'ru', 'ru', 'ru', 'ru', '', 'ru', 'ru', 'ru', 'ru', '', 'ru', 'ru', 'ru', 'ru', 'ru', 'ru', 'ru', 'ru', 'ru', 'ru', '', '', 'ru', '', 'ru', 'ru', 'ru', 'ru', '', 'ru', 'ru', 'ru', 'ru', 'ru', '', 'ru', '', 'ru', 'ru', 'ru', '', 'ru', 'ru', '', 'ru', 'ru', 'ru', 'ru', 'ru', '', 'ru', 'ru', 'ru', 'ru', 'ru', 'ru', 'ru', 'ru', 'ru', 'ru', '', 'ru', 'ru', 'ru', 'ru', 'ru', 'ru', 'ru', 'ru', 'ru', 'ru', 'ru', 'ru', '', 'ru', 'ru', 'ru', 'ru', '', 'ru', 'ru', 'ru', 'ru', 'ru', 'ru', 'ru', 'ru', 'ru', 'ru', 'ru', '', 'ru', 'ru', 'ru', 'ru', 'ru', 'ru', 'ru', 'ru', '', 'ru', 'ru', '', 'ru', 'ru', 'ru', 'ru', 'ru', '', 'ru', 'ru', 'ru', 'ru', 'ru', 'ru', '', 'non-ru', '', 'ru', '', 'ru', 'ru', '', 'ru', 'ru', '', 'ru', 'ru', 'ru', '', 'ru', 'ru', 'ru', 'ru', 'ru', 'ru', 'ru', 'ru', 'ru', '', 'ru', 'ru', 'ru', 'ru', 'ru', 'ru', 'ru', 'ru', 'ru', 'ru', 'ru', 'ru', 'ru', 'ru', '', 'ru', 'ru', 'ru', '', 'ru', 'ru', 'ru', 'ru', 'ru', 'ru', 'ru', 'ru', 'ru', '', 'ru', 'ru', 'ru', 'ru', 'ru', 'ru', 'ru', 'ru', '', 'ru', 'ru', '', 'ru', 'ru', '', 'ru', 'ru', 'ru', 'ru', '']",2,0,1
55,Эпилог,2,7,"['Если', 'люди', 'произошли', 'от', 'обезьян', 'в', 'неизвестный', 'период', 'времени', ',', 'то', 'это', 'столь', 'же', 'понятно', ',', 'как', 'и', 'то', ',', 'что', 'люди', 'произошли', 'от', 'горсти', 'земли', 'в', 'известный', 'период', 'времени', '(', 'в', 'первом', 'случае', 'X', 'есть', 'время', ',', 'во', 'втором', 'происхождение', ')', ',', 'и', 'вопрос', 'о', 'том', ',', 'каким', 'образом', 'соединяется', 'сознание', 'свободы', 'человека', 'с', 'законом', 'необходимости', ',', 'которому', 'подлежит', 'человек', ',', 'не', 'может', 'быть', 'разрешен', 'сравнительною', 'физиологией', 'и', 'зоологией', ',', 'ибо', 'в', 'лягушке', ',', 'кролике', 'и', 'обезьяне', 'мы', 'можем', 'наблюдать', 'только', 'мускульно', '-', 'нервную', 'деятельность', ',', 'а', 'в', 'человеке', '—', 'и', 'мускульно', '-', 'нервную', 'деятельность', ',', 'и', 'сознание', '.']","['ru', 'ru', 'ru', 'ru', 'ru', 'ru', 'ru', 'ru', 'ru', '', 'ru', 'ru', 'ru', 'ru', 'ru', '', 'ru', 'ru', 'ru', '', 'ru', 'ru', 'ru', 'ru', 'ru', 'ru', 'ru', 'ru', 'ru', 'ru', '', 'ru', 'ru', 'ru', 'non-ru', 'ru', 'ru', '', 'ru', 'ru', 'ru', '', '', 'ru', 'ru', 'ru', 'ru', '', 'ru', 'ru', 'ru', 'ru', 'ru', 'ru', 'ru', 'ru', 'ru', '', 'ru', 'ru', 'ru', '', 'ru', 'ru', 'ru', 'ru', 'ru', 'ru', 'ru', 'ru', '', 'ru', 'ru', 'ru', '', 'ru', 'ru', 'ru', 'ru', 'ru', 'ru', 'ru', 'ru', '', 'ru', 'ru', '', 'ru', 'ru', 'ru', '', 'ru', 'ru', '', 'ru', 'ru', '', 'ru', 'ru', '']",2,0,1
56,Эпилог,2,8,"['Говорим', 'ли', 'мы', 'о', 'переселении', 'народов', 'и', 'набегах', 'варваров', ',', 'или', 'о', 'распоряжениях', 'Наполеона', 'III', ',', 'или', 'о', 'поступке', 'человека', ',', 'совершенном', 'час', 'тому', 'назад', 'и', 'состоящем', 'в', 'том', ',', 'что', 'из', 'нескольких', 'направлений', 'прогулки', 'он', 'выбрал', 'одно', ',', 'мы', 'не', 'видим', 'ни', 'малейшего', 'противоречия', '.', 'Мера', 'свободы', 'и', 'необходимости', ',', 'руководившей', 'поступками', 'этих', 'людей', ',', 'ясно', 'определена', 'для', 'нас', '.']","['ru', 'ru', 'ru', 'ru', 'ru', 'ru', 'ru', 'ru', 'ru', '', 'ru', 'ru', 'ru', 'ru', 'non-ru', '', 'ru', 'ru', 'ru', 'ru', '', 'ru', 'ru', 'ru', 'ru', 'ru', 'ru', 'ru', 'ru', '', 'ru', 'ru', 'ru', 'ru', 'ru', 'ru', 'ru', 'ru', '', 'ru', 'ru', 'ru', 'ru', 'ru', 'ru', '', 'ru', 'ru', 'ru', 'ru', '', 'ru', 'ru', 'ru', 'ru', '', 'ru', 'ru', 'ru', 'ru', '']",2,0,1
